{
"type": "FeatureCollection",
"name": "indice_hojas",
"crs": { "type": "name", "properties": { "name": "urn:ogc:def:crs:OGC:1.3:CRS84" } },
"features": [
{ "type": "Feature", "properties": { "objectid": 93.0, "id": 93.0, "nombre": "Aguas Zarcas", "hoja_50": "AGUAS ZARCAS", "codigo_50": "3347-III" }, "geometry": { "type": "MultiPolygon", "coordinates": [ [ [ [ -84.47499998, 10.50000002 ], [ -84.44999998, 10.49999999 ], [ -84.42499999, 10.49999996 ], [ -84.40000002, 10.49999997 ], [ -84.37499998, 10.49999999 ], [ -84.34999996, 10.50000004 ], [ -84.32499997, 10.50000002 ], [ -84.30000001, 10.50000002 ], [ -84.275, 10.50000003 ], [ -84.25000004, 10.49999999 ], [ -84.25, 10.48333332 ], [ -84.24999997, 10.46666665 ], [ -84.24999997, 10.45000004 ], [ -84.24999999, 10.43333333 ], [ -84.25000004, 10.41666668 ], [ -84.25000001, 10.40000002 ], [ -84.25, 10.38333335 ], [ -84.25000002, 10.36666666 ], [ -84.24999996, 10.35000004 ], [ -84.25000001, 10.33333331 ], [ -84.27500003, 10.33333331 ], [ -84.30000001, 10.33333337 ], [ -84.32500001, 10.33333338 ], [ -84.34999996, 10.33333335 ], [ -84.37500003, 10.33333337 ], [ -84.40000004, 10.33333336 ], [ -84.42499997, 10.33333331 ], [ -84.45000001, 10.33333331 ], [ -84.47499996, 10.33333336 ], [ -84.50000002, 10.33333337 ], [ -84.5, 10.35 ], [ -84.50000002, 10.36666663 ], [ -84.5, 10.38333333 ], [ -84.50000001, 10.4 ], [ -84.49999998, 10.41666667 ], [ -84.49999999, 10.43333331 ], [ -84.50000003, 10.45000003 ], [ -84.50000004, 10.46666664 ], [ -84.49999999, 10.48333333 ], [ -84.49999998, 10.5 ], [ -84.47499998, 10.50000002 ] ] ] ] } },
{ "type": "Feature", "properties": { "objectid": 95.0, "id": 95.0, "nombre": "Fortuna", "hoja_50": "FORTUNA", "codigo_50": "3247-II" }, "geometry": { "type": "MultiPolygon", "coordinates": [ [ [ [ -84.72500003, 10.49999997 ], [ -84.69999998, 10.49999999 ], [ -84.67499999, 10.50000003 ], [ -84.64999998, 10.5 ], [ -84.62500003, 10.49999999 ], [ -84.59999998, 10.5 ], [ -84.57499999, 10.50000004 ], [ -84.54999999, 10.5 ], [ -84.52499999, 10.49999998 ], [ -84.49999998, 10.5 ], [ -84.49999999, 10.48333333 ], [ -84.50000004, 10.46666664 ], [ -84.50000003, 10.45000003 ], [ -84.49999999, 10.43333331 ], [ -84.49999998, 10.41666667 ], [ -84.50000001, 10.4 ], [ -84.5, 10.38333333 ], [ -84.50000002, 10.36666663 ], [ -84.5, 10.35 ], [ -84.50000002, 10.33333337 ], [ -84.52499998, 10.33333334 ], [ -84.55000003, 10.33333336 ], [ -84.57499999, 10.33333335 ], [ -84.60000003, 10.33333329 ], [ -84.62500004, 10.33333338 ], [ -84.65000004, 10.33333334 ], [ -84.67500001, 10.33333334 ], [ -84.70000005, 10.3333333 ], [ -84.72500004, 10.33333332 ], [ -84.75, 10.33333331 ], [ -84.75000003, 10.35000002 ], [ -84.75000001, 10.36666671 ], [ -84.74999997, 10.38333328 ], [ -84.75, 10.40000003 ], [ -84.75000001, 10.41666668 ], [ -84.74999997, 10.43333329 ], [ -84.75, 10.44999999 ], [ -84.75000001, 10.46666667 ], [ -84.74999999, 10.48333333 ], [ -84.75000003, 10.49999998 ], [ -84.72500003, 10.49999997 ] ] ] ] } },
{ "type": "Feature", "properties": { "objectid": 106.0, "id": 106.0, "nombre": "Monterrey", "hoja_50": "MONTERREY", "codigo_50": "3247-I" }, "geometry": { "type": "MultiPolygon", "coordinates": [ [ [ [ -84.72499998, 10.66666671 ], [ -84.69999996, 10.66666667 ], [ -84.67499999, 10.66666663 ], [ -84.65, 10.66666666 ], [ -84.62499998, 10.66666669 ], [ -84.60000004, 10.66666671 ], [ -84.57499998, 10.66666663 ], [ -84.55000001, 10.66666663 ], [ -84.52500003, 10.66666663 ], [ -84.50000004, 10.66666669 ], [ -84.5, 10.65000003 ], [ -84.49999999, 10.63333334 ], [ -84.50000002, 10.61666663 ], [ -84.50000001, 10.59999999 ], [ -84.50000004, 10.58333334 ], [ -84.50000002, 10.56666667 ], [ -84.50000003, 10.54999998 ], [ -84.5, 10.53333336 ], [ -84.50000002, 10.51666664 ], [ -84.49999998, 10.5 ], [ -84.52499999, 10.49999998 ], [ -84.54999999, 10.5 ], [ -84.57499999, 10.50000004 ], [ -84.59999998, 10.5 ], [ -84.62500003, 10.49999999 ], [ -84.64999998, 10.5 ], [ -84.67499999, 10.50000003 ], [ -84.69999998, 10.49999999 ], [ -84.72500003, 10.49999997 ], [ -84.75000003, 10.49999998 ], [ -84.75000004, 10.51666669 ], [ -84.75000002, 10.53333331 ], [ -84.74999998, 10.54999999 ], [ -84.75, 10.56666665 ], [ -84.74999998, 10.5833333 ], [ -84.75000004, 10.60000002 ], [ -84.74999997, 10.61666663 ], [ -84.74999997, 10.63333332 ], [ -84.75000003, 10.64999999 ], [ -84.74999997, 10.66666664 ], [ -84.72499998, 10.66666671 ] ] ] ] } },
{ "type": "Feature", "properties": { "objectid": 105.0, "id": 105.0, "nombre": "Tres Amigos", "hoja_50": "TRES AMIGOS", "codigo_50": "3347-IV" }, "geometry": { "type": "MultiPolygon", "coordinates": [ [ [ [ -84.47499997, 10.66666667 ], [ -84.45, 10.66666664 ], [ -84.42500004, 10.6666667 ], [ -84.39999999, 10.66666664 ], [ -84.37499997, 10.66666669 ], [ -84.34999998, 10.66666671 ], [ -84.32500001, 10.66666664 ], [ -84.29999998, 10.66666664 ], [ -84.275, 10.66666665 ], [ -84.24999997, 10.66666664 ], [ -84.24999999, 10.64999997 ], [ -84.25000003, 10.63333329 ], [ -84.25000001, 10.61666668 ], [ -84.25, 10.59999996 ], [ -84.25000001, 10.58333331 ], [ -84.24999996, 10.56666664 ], [ -84.25000001, 10.54999996 ], [ -84.25, 10.53333335 ], [ -84.25, 10.51666663 ], [ -84.25000004, 10.49999999 ], [ -84.275, 10.50000003 ], [ -84.30000001, 10.50000002 ], [ -84.32499997, 10.50000002 ], [ -84.34999996, 10.50000004 ], [ -84.37499998, 10.49999999 ], [ -84.40000002, 10.49999997 ], [ -84.42499999, 10.49999996 ], [ -84.44999998, 10.49999999 ], [ -84.47499998, 10.50000002 ], [ -84.49999998, 10.5 ], [ -84.50000002, 10.51666664 ], [ -84.5, 10.53333336 ], [ -84.50000003, 10.54999998 ], [ -84.50000002, 10.56666667 ], [ -84.50000004, 10.58333334 ], [ -84.50000001, 10.59999999 ], [ -84.50000002, 10.61666663 ], [ -84.49999999, 10.63333334 ], [ -84.5, 10.65000003 ], [ -84.50000004, 10.66666669 ], [ -84.47499997, 10.66666667 ] ] ] ] } },
{ "type": "Feature", "properties": { "objectid": 1.0, "id": 1.0, "nombre": "Burica", "hoja_50": "BURICA", "codigo_50": "3640-III" }, "geometry": { "type": "MultiPolygon", "coordinates": [ [ [ [ -82.75, 8.0 ], [ -82.90000048, 8.00004401 ], [ -82.92499542, 8.00004264 ], [ -82.94999027, 8.0000413 ], [ -83.0, 8.0 ], [ -83.0, 8.16666667 ], [ -82.94999996, 8.16666663 ], [ -82.925, 8.16666664 ], [ -82.89999996, 8.16666665 ], [ -82.75, 8.16666667 ], [ -82.75, 8.0 ] ] ] ] } },
{ "type": "Feature", "properties": { "objectid": 2.0, "id": 2.0, "nombre": "Rí­o Caña Blanca", "hoja_50": "RIO CAÑA BLANCA", "codigo_50": "3540-I" }, "geometry": { "type": "MultiPolygon", "coordinates": [ [ [ [ -83.00000001, 8.31666663 ], [ -83.00000001, 8.30000003 ], [ -83.0, 8.28333333 ], [ -83.00000002, 8.26666662 ], [ -83.00000003, 8.24999998 ], [ -82.99999997, 8.23333333 ], [ -83.0, 8.16666667 ], [ -83.25, 8.16666667 ], [ -83.25, 8.33333333 ], [ -83.15000001, 8.33333335 ], [ -83.12500003, 8.33333336 ], [ -83.10000004, 8.33333334 ], [ -83.07500002, 8.33333337 ], [ -83.04999999, 8.33333335 ], [ -83.02499997, 8.3333333 ], [ -83.00000003, 8.3333333 ], [ -83.00000001, 8.31666663 ] ] ] ] } },
{ "type": "Feature", "properties": { "objectid": 3.0, "id": 3.0, "nombre": "Puerto Armuelles", "hoja_50": "PUERTO ARMUELLES", "codigo_50": "3640-IV" }, "geometry": { "type": "MultiPolygon", "coordinates": [ [ [ [ -82.75, 8.16666667 ], [ -82.89999996, 8.16666665 ], [ -82.925, 8.16666664 ], [ -82.94999996, 8.16666663 ], [ -83.0, 8.16666667 ], [ -82.99999997, 8.23333333 ], [ -83.00000003, 8.24999998 ], [ -83.00000002, 8.26666662 ], [ -83.0, 8.28333333 ], [ -83.00000001, 8.30000003 ], [ -83.00000001, 8.31666663 ], [ -83.00000003, 8.3333333 ], [ -82.75, 8.33333333 ], [ -82.75, 8.16666667 ] ] ] ] } },
{ "type": "Feature", "properties": { "objectid": 4.0, "id": 4.0, "nombre": "Madrigal", "hoja_50": "MADRIGAL", "codigo_50": "3441-II" }, "geometry": { "type": "MultiPolygon", "coordinates": [ [ [ [ -83.49999999, 8.48333331 ], [ -83.5, 8.46666664 ], [ -83.49999997, 8.44999996 ], [ -83.49999998, 8.43333336 ], [ -83.5, 8.33333333 ], [ -83.75, 8.33333333 ], [ -83.75, 8.5 ], [ -83.64999995, 8.50000002 ], [ -83.62500002, 8.49999999 ], [ -83.59999998, 8.49999997 ], [ -83.57500001, 8.49999999 ], [ -83.55000002, 8.50000002 ], [ -83.52500003, 8.49999998 ], [ -83.50000004, 8.49999996 ], [ -83.49999999, 8.48333331 ] ] ] ] } },
{ "type": "Feature", "properties": { "objectid": 5.0, "id": 5.0, "nombre": "Carate", "hoja_50": "CARATE", "codigo_50": "3541-III" }, "geometry": { "type": "MultiPolygon", "coordinates": [ [ [ [ -83.25000001, 8.48333333 ], [ -83.24999998, 8.4666667 ], [ -83.24999997, 8.44999997 ], [ -83.24999999, 8.43333332 ], [ -83.25000004, 8.41666665 ], [ -83.25, 8.33333333 ], [ -83.5, 8.33333333 ], [ -83.49999998, 8.43333336 ], [ -83.49999997, 8.44999996 ], [ -83.5, 8.46666664 ], [ -83.49999999, 8.48333331 ], [ -83.50000004, 8.49999996 ], [ -83.47499995, 8.49999997 ], [ -83.44999997, 8.5 ], [ -83.42499999, 8.49999996 ], [ -83.40000003, 8.50000004 ], [ -83.37499999, 8.50000004 ], [ -83.34999997, 8.49999998 ], [ -83.32499999, 8.50000002 ], [ -83.30000004, 8.50000001 ], [ -83.27500004, 8.50000001 ], [ -83.25, 8.5 ], [ -83.25000001, 8.48333333 ] ] ] ] } },
{ "type": "Feature", "properties": { "objectid": 6.0, "id": 6.0, "nombre": "Pavón", "hoja_50": "PAVON", "codigo_50": "3541-II" }, "geometry": { "type": "MultiPolygon", "coordinates": [ [ [ [ -82.99999997, 8.48333331 ], [ -82.99999999, 8.46666667 ], [ -83.00000001, 8.45000002 ], [ -82.99999996, 8.43333334 ], [ -82.99999999, 8.41666666 ], [ -83.00000005, 8.39999996 ], [ -83.00000001, 8.38333334 ], [ -82.99999998, 8.36666671 ], [ -83.00000004, 8.34999997 ], [ -83.00000003, 8.3333333 ], [ -83.02499997, 8.3333333 ], [ -83.04999999, 8.33333335 ], [ -83.07500002, 8.33333337 ], [ -83.10000004, 8.33333334 ], [ -83.12500003, 8.33333336 ], [ -83.15000001, 8.33333335 ], [ -83.25, 8.33333333 ], [ -83.25000004, 8.41666665 ], [ -83.24999999, 8.43333332 ], [ -83.24999997, 8.44999997 ], [ -83.24999998, 8.4666667 ], [ -83.25000001, 8.48333333 ], [ -83.25, 8.5 ], [ -83.15000001, 8.49999999 ], [ -83.12499997, 8.50000003 ], [ -83.09999998, 8.50000001 ], [ -83.07499999, 8.50000001 ], [ -83.04999999, 8.50000002 ], [ -83.02499997, 8.49999997 ], [ -82.99999996, 8.50000003 ], [ -82.99999997, 8.48333331 ] ] ] ] } },
{ "type": "Feature", "properties": { "objectid": 7.0, "id": 7.0, "nombre": "Laurel", "hoja_50": "LAUREL", "codigo_50": "3641-III" }, "geometry": { "type": "MultiPolygon", "coordinates": [ [ [ [ -82.75, 8.33333333 ], [ -83.00000003, 8.3333333 ], [ -83.00000004, 8.34999997 ], [ -82.99999998, 8.36666671 ], [ -83.00000001, 8.38333334 ], [ -83.00000005, 8.39999996 ], [ -82.99999999, 8.41666666 ], [ -82.99999996, 8.43333334 ], [ -83.00000001, 8.45000002 ], [ -82.99999999, 8.46666667 ], [ -82.99999997, 8.48333331 ], [ -82.99999996, 8.50000003 ], [ -82.97500003, 8.50000003 ], [ -82.95000003, 8.50000003 ], [ -82.92500002, 8.49999998 ], [ -82.89999996, 8.50000003 ], [ -82.875, 8.50000002 ], [ -82.84999997, 8.50000002 ], [ -82.82499997, 8.49999996 ], [ -82.75, 8.5 ], [ -82.75, 8.33333333 ] ] ] ] } },
{ "type": "Feature", "properties": { "objectid": 8.0, "id": 8.0, "nombre": "Llorona", "hoja_50": "LLORONA", "codigo_50": "3441-I" }, "geometry": { "type": "MultiPolygon", "coordinates": [ [ [ [ -83.49999999, 8.65000002 ], [ -83.49999997, 8.63333331 ], [ -83.49999998, 8.61666668 ], [ -83.49999997, 8.60000004 ], [ -83.49999999, 8.58333329 ], [ -83.49999997, 8.56666671 ], [ -83.50000001, 8.55000002 ], [ -83.5, 8.53333332 ], [ -83.50000004, 8.51666669 ], [ -83.50000004, 8.49999996 ], [ -83.52500003, 8.49999998 ], [ -83.55000002, 8.50000002 ], [ -83.57500001, 8.49999999 ], [ -83.59999998, 8.49999997 ], [ -83.62500002, 8.49999999 ], [ -83.64999995, 8.50000002 ], [ -83.75, 8.5 ], [ -83.74999996, 8.56666671 ], [ -83.74999997, 8.58333329 ], [ -83.74999996, 8.59999997 ], [ -83.75000002, 8.6166667 ], [ -83.74999997, 8.63333334 ], [ -83.74999998, 8.64999996 ], [ -83.75, 8.66666667 ], [ -83.72499999, 8.66666666 ], [ -83.69999997, 8.66666666 ], [ -83.675, 8.66666666 ], [ -83.65, 8.66666663 ], [ -83.62499998, 8.6666667 ], [ -83.60000003, 8.66666666 ], [ -83.57499996, 8.66666662 ], [ -83.54999997, 8.66666666 ], [ -83.52499998, 8.66666669 ], [ -83.49999998, 8.66666662 ], [ -83.49999999, 8.65000002 ] ] ] ] } },
{ "type": "Feature", "properties": { "objectid": 9.0, "id": 9.0, "nombre": "Golfo Dulce", "hoja_50": "GOLFO DULCE", "codigo_50": "3541-IV" }, "geometry": { "type": "MultiPolygon", "coordinates": [ [ [ [ -83.24999997, 8.65000001 ], [ -83.25000003, 8.63333334 ], [ -83.25000002, 8.61666666 ], [ -83.25, 8.5 ], [ -83.27500004, 8.50000001 ], [ -83.30000004, 8.50000001 ], [ -83.32499999, 8.50000002 ], [ -83.34999997, 8.49999998 ], [ -83.37499999, 8.50000004 ], [ -83.40000003, 8.50000004 ], [ -83.42499999, 8.49999996 ], [ -83.44999997, 8.5 ], [ -83.47499995, 8.49999997 ], [ -83.50000004, 8.49999996 ], [ -83.50000004, 8.51666669 ], [ -83.5, 8.53333332 ], [ -83.50000001, 8.55000002 ], [ -83.49999997, 8.56666671 ], [ -83.49999999, 8.58333329 ], [ -83.49999997, 8.60000004 ], [ -83.49999998, 8.61666668 ], [ -83.49999997, 8.63333331 ], [ -83.49999999, 8.65000002 ], [ -83.49999998, 8.66666662 ], [ -83.47499998, 8.66666664 ], [ -83.44999998, 8.66666665 ], [ -83.425, 8.66666664 ], [ -83.34999997, 8.66666668 ], [ -83.32499998, 8.66666664 ], [ -83.30000002, 8.66666669 ], [ -83.27500001, 8.66666663 ], [ -83.25000004, 8.66666666 ], [ -83.24999997, 8.65000001 ] ] ] ] } },
{ "type": "Feature", "properties": { "objectid": 10.0, "id": 10.0, "nombre": "Golfito", "hoja_50": "GOLFITO", "codigo_50": "3541-I" }, "geometry": { "type": "MultiPolygon", "coordinates": [ [ [ [ -82.99999997, 8.64999997 ], [ -83.00000001, 8.63333329 ], [ -82.99999997, 8.61666667 ], [ -83.00000002, 8.59999996 ], [ -83.0, 8.58333333 ], [ -82.99999997, 8.56666668 ], [ -82.99999996, 8.55000001 ], [ -83.00000004, 8.53333334 ], [ -83.00000004, 8.51666665 ], [ -82.99999996, 8.50000003 ], [ -83.02499997, 8.49999997 ], [ -83.04999999, 8.50000002 ], [ -83.07499999, 8.50000001 ], [ -83.09999998, 8.50000001 ], [ -83.12499997, 8.50000003 ], [ -83.15000001, 8.49999999 ], [ -83.25, 8.5 ], [ -83.25000002, 8.61666666 ], [ -83.25000003, 8.63333334 ], [ -83.24999997, 8.65000001 ], [ -83.25000004, 8.66666666 ], [ -83.22500003, 8.66666668 ], [ -83.19999997, 8.66666669 ], [ -83.17499997, 8.66666669 ], [ -83.15000004, 8.66666669 ], [ -83.12499998, 8.66666667 ], [ -83.1, 8.66666664 ], [ -83.07499999, 8.6666667 ], [ -83.04999998, 8.66666666 ], [ -83.02499996, 8.6666667 ], [ -83.00000002, 8.66666664 ], [ -82.99999997, 8.64999997 ] ] ] ] } },
{ "type": "Feature", "properties": { "objectid": 11.0, "id": 11.0, "nombre": "Canoas", "hoja_50": "CANOAS", "codigo_50": "3641-IV" }, "geometry": { "type": "MultiPolygon", "coordinates": [ [ [ [ -82.75, 8.5 ], [ -82.82499997, 8.49999996 ], [ -82.84999997, 8.50000002 ], [ -82.875, 8.50000002 ], [ -82.89999996, 8.50000003 ], [ -82.92500002, 8.49999998 ], [ -82.95000003, 8.50000003 ], [ -82.97500003, 8.50000003 ], [ -82.99999996, 8.50000003 ], [ -83.00000004, 8.51666665 ], [ -83.00000004, 8.53333334 ], [ -82.99999996, 8.55000001 ], [ -82.99999997, 8.56666668 ], [ -83.0, 8.58333333 ], [ -83.00000002, 8.59999996 ], [ -82.99999997, 8.61666667 ], [ -83.00000001, 8.63333329 ], [ -82.99999997, 8.64999997 ], [ -83.00000002, 8.66666664 ], [ -82.975, 8.66666666 ], [ -82.94999998, 8.66666667 ], [ -82.92499997, 8.66666668 ], [ -82.89999998, 8.66666666 ], [ -82.875, 8.66666665 ], [ -82.84999996, 8.66666663 ], [ -82.82500004, 8.66666667 ], [ -82.75, 8.66666667 ], [ -82.75, 8.5 ] ] ] ] } },
{ "type": "Feature", "properties": { "objectid": 12.0, "id": 12.0, "nombre": "Sierpe", "hoja_50": "SIERPE", "codigo_50": "3442-II" }, "geometry": { "type": "MultiPolygon", "coordinates": [ [ [ [ -83.49999996, 8.81666666 ], [ -83.49999999, 8.8 ], [ -83.49999998, 8.78333334 ], [ -83.50000001, 8.76666665 ], [ -83.50000001, 8.74999995 ], [ -83.49999995, 8.73333334 ], [ -83.49999995, 8.7166667 ], [ -83.5, 8.69999996 ], [ -83.50000001, 8.6833333 ], [ -83.49999998, 8.66666662 ], [ -83.52499998, 8.66666669 ], [ -83.54999997, 8.66666666 ], [ -83.57499996, 8.66666662 ], [ -83.60000003, 8.66666666 ], [ -83.62499998, 8.6666667 ], [ -83.65, 8.66666663 ], [ -83.675, 8.66666666 ], [ -83.69999997, 8.66666666 ], [ -83.72499999, 8.66666666 ], [ -83.75, 8.66666667 ], [ -83.75, 8.83333333 ], [ -83.65000002, 8.83333334 ], [ -83.62499996, 8.83333332 ], [ -83.59999998, 8.83333335 ], [ -83.57499997, 8.83333335 ], [ -83.55000004, 8.83333331 ], [ -83.52500001, 8.83333332 ], [ -83.49999998, 8.83333329 ], [ -83.49999996, 8.81666666 ] ] ] ] } },
{ "type": "Feature", "properties": { "objectid": 13.0, "id": 13.0, "nombre": "Rincón", "hoja_50": "RINCON", "codigo_50": "3542-III" }, "geometry": { "type": "MultiPolygon", "coordinates": [ [ [ [ -83.24999999, 8.81666671 ], [ -83.25000004, 8.8 ], [ -83.25000002, 8.78333338 ], [ -83.25000004, 8.76666664 ], [ -83.24999998, 8.74999999 ], [ -83.24999996, 8.73333331 ], [ -83.24999996, 8.71666662 ], [ -83.24999999, 8.70000001 ], [ -83.24999996, 8.6833333 ], [ -83.25000004, 8.66666666 ], [ -83.27500001, 8.66666663 ], [ -83.30000002, 8.66666669 ], [ -83.32499998, 8.66666664 ], [ -83.34999997, 8.66666668 ], [ -83.425, 8.66666664 ], [ -83.44999998, 8.66666665 ], [ -83.47499998, 8.66666664 ], [ -83.49999998, 8.66666662 ], [ -83.50000001, 8.6833333 ], [ -83.5, 8.69999996 ], [ -83.49999995, 8.7166667 ], [ -83.49999995, 8.73333334 ], [ -83.50000001, 8.74999995 ], [ -83.50000001, 8.76666665 ], [ -83.49999998, 8.78333334 ], [ -83.49999999, 8.8 ], [ -83.49999996, 8.81666666 ], [ -83.49999998, 8.83333329 ], [ -83.47500003, 8.83333332 ], [ -83.45000001, 8.8333333 ], [ -83.425, 8.83333333 ], [ -83.39999999, 8.83333333 ], [ -83.375, 8.83333328 ], [ -83.35000004, 8.8333333 ], [ -83.32500001, 8.83333336 ], [ -83.30000002, 8.83333329 ], [ -83.27499998, 8.83333336 ], [ -83.24999998, 8.8333333 ], [ -83.24999999, 8.81666671 ] ] ] ] } },
{ "type": "Feature", "properties": { "objectid": 14.0, "id": 14.0, "nombre": "Piedras Blancas", "hoja_50": "PIEDRAS BLANCAS", "codigo_50": "3542-II" }, "geometry": { "type": "MultiPolygon", "coordinates": [ [ [ [ -83.0, 8.81666667 ], [ -82.99999997, 8.80000004 ], [ -82.99999996, 8.7833333 ], [ -83.00000003, 8.76666664 ], [ -83.00000003, 8.74999997 ], [ -83.00000004, 8.73333337 ], [ -83.00000004, 8.71666666 ], [ -82.99999997, 8.70000003 ], [ -82.99999999, 8.6833333 ], [ -83.00000002, 8.66666664 ], [ -83.02499996, 8.6666667 ], [ -83.04999998, 8.66666666 ], [ -83.07499999, 8.6666667 ], [ -83.1, 8.66666664 ], [ -83.12499998, 8.66666667 ], [ -83.15000004, 8.66666669 ], [ -83.17499997, 8.66666669 ], [ -83.19999997, 8.66666669 ], [ -83.22500003, 8.66666668 ], [ -83.25000004, 8.66666666 ], [ -83.24999996, 8.6833333 ], [ -83.24999999, 8.70000001 ], [ -83.24999996, 8.71666662 ], [ -83.24999996, 8.73333331 ], [ -83.24999998, 8.74999999 ], [ -83.25000004, 8.76666664 ], [ -83.25000002, 8.78333338 ], [ -83.25000004, 8.8 ], [ -83.24999999, 8.81666671 ], [ -83.24999998, 8.8333333 ], [ -83.22500001, 8.8333333 ], [ -83.20000001, 8.83333334 ], [ -83.17499998, 8.83333335 ], [ -83.15000001, 8.83333332 ], [ -83.125, 8.83333333 ], [ -83.09999998, 8.83333332 ], [ -83.07500003, 8.83333334 ], [ -83.04999998, 8.83333333 ], [ -83.025, 8.83333329 ], [ -83.00000003, 8.83333329 ], [ -83.0, 8.81666667 ] ] ] ] } },
{ "type": "Feature", "properties": { "objectid": 15.0, "id": 15.0, "nombre": "Cañas Gordas", "hoja_50": "CAÑAS GORDAS", "codigo_50": "3642-III" }, "geometry": { "type": "MultiPolygon", "coordinates": [ [ [ [ -82.75, 8.66666667 ], [ -82.82500004, 8.66666667 ], [ -82.84999996, 8.66666663 ], [ -82.875, 8.66666665 ], [ -82.89999998, 8.66666666 ], [ -82.92499997, 8.66666668 ], [ -82.94999998, 8.66666667 ], [ -82.975, 8.66666666 ], [ -83.00000002, 8.66666664 ], [ -82.99999999, 8.6833333 ], [ -82.99999997, 8.70000003 ], [ -83.00000004, 8.71666666 ], [ -83.00000004, 8.73333337 ], [ -83.00000003, 8.74999997 ], [ -83.00000003, 8.76666664 ], [ -82.99999996, 8.7833333 ], [ -82.99999997, 8.80000004 ], [ -83.0, 8.81666667 ], [ -83.00000003, 8.83333329 ], [ -82.97499997, 8.83333335 ], [ -82.95, 8.83333335 ], [ -82.92500004, 8.83333333 ], [ -82.90000001, 8.83333335 ], [ -82.87499999, 8.83333334 ], [ -82.85, 8.83333337 ], [ -82.75, 8.83333333 ], [ -82.75, 8.66666667 ] ] ] ] } },
{ "type": "Feature", "properties": { "objectid": 16.0, "id": 16.0, "nombre": "Térraba", "hoja_50": "TERRABA", "codigo_50": "3442-III" }, "geometry": { "type": "MultiPolygon", "coordinates": [ [ [ [ -83.49999999, 8.98333335 ], [ -83.49999999, 8.96666667 ], [ -83.50000004, 8.94999997 ], [ -83.50000003, 8.93333335 ], [ -83.5, 8.91666671 ], [ -83.5, 8.89999997 ], [ -83.49999997, 8.88333329 ], [ -83.49999999, 8.8666667 ], [ -83.49999996, 8.85 ], [ -83.49999998, 8.83333329 ], [ -83.52500001, 8.83333332 ], [ -83.55000004, 8.83333331 ], [ -83.57499997, 8.83333335 ], [ -83.59999998, 8.83333335 ], [ -83.62499996, 8.83333332 ], [ -83.65000002, 8.83333334 ], [ -83.75, 8.83333333 ], [ -83.75, 9.0 ], [ -83.65, 9.00000001 ], [ -83.62499997, 9.0 ], [ -83.60000001, 9.00000002 ], [ -83.57500004, 8.99999997 ], [ -83.54999996, 9.00000003 ], [ -83.52499996, 9.00000001 ], [ -83.49999995, 9.00000002 ], [ -83.49999999, 8.98333335 ] ] ] ] } },
{ "type": "Feature", "properties": { "objectid": 17.0, "id": 17.0, "nombre": "Chánguena", "hoja_50": "CHANGUENA", "codigo_50": "3542-IV" }, "geometry": { "type": "MultiPolygon", "coordinates": [ [ [ [ -83.24999997, 8.98333331 ], [ -83.25000002, 8.96666666 ], [ -83.24999999, 8.95 ], [ -83.25, 8.93333332 ], [ -83.25000003, 8.91666663 ], [ -83.25, 8.90000001 ], [ -83.24999999, 8.88333329 ], [ -83.25000003, 8.86666664 ], [ -83.24999999, 8.84999998 ], [ -83.24999998, 8.8333333 ], [ -83.27499998, 8.83333336 ], [ -83.30000002, 8.83333329 ], [ -83.32500001, 8.83333336 ], [ -83.35000004, 8.8333333 ], [ -83.375, 8.83333328 ], [ -83.39999999, 8.83333333 ], [ -83.425, 8.83333333 ], [ -83.45000001, 8.8333333 ], [ -83.47500003, 8.83333332 ], [ -83.49999998, 8.83333329 ], [ -83.49999996, 8.85 ], [ -83.49999999, 8.8666667 ], [ -83.49999997, 8.88333329 ], [ -83.5, 8.89999997 ], [ -83.5, 8.91666671 ], [ -83.50000003, 8.93333335 ], [ -83.50000004, 8.94999997 ], [ -83.49999999, 8.96666667 ], [ -83.49999999, 8.98333335 ], [ -83.49999995, 9.00000002 ], [ -83.47499995, 8.99999997 ], [ -83.44999996, 9.00000003 ], [ -83.42499997, 9.00000001 ], [ -83.39999999, 9.00000001 ], [ -83.37500003, 9.00000004 ], [ -83.35000001, 9.0 ], [ -83.32500001, 8.99999997 ], [ -83.29999996, 8.99999997 ], [ -83.27500003, 9.0 ], [ -83.24999996, 9.00000004 ], [ -83.24999997, 8.98333331 ] ] ] ] } },
{ "type": "Feature", "properties": { "objectid": 18.0, "id": 18.0, "nombre": "Coto Brus", "hoja_50": "COTO BRUS", "codigo_50": "3542-I" }, "geometry": { "type": "MultiPolygon", "coordinates": [ [ [ [ -82.99999999, 8.9833333 ], [ -82.99999999, 8.96666663 ], [ -82.99999999, 8.95000003 ], [ -83.0, 8.93333334 ], [ -83.00000002, 8.91666663 ], [ -82.99999995, 8.89999998 ], [ -82.99999999, 8.88333333 ], [ -83.00000003, 8.86666667 ], [ -82.99999998, 8.84999998 ], [ -83.00000003, 8.83333329 ], [ -83.025, 8.83333329 ], [ -83.04999998, 8.83333333 ], [ -83.07500003, 8.83333334 ], [ -83.09999998, 8.83333332 ], [ -83.125, 8.83333333 ], [ -83.15000001, 8.83333332 ], [ -83.17499998, 8.83333335 ], [ -83.20000001, 8.83333334 ], [ -83.22500001, 8.8333333 ], [ -83.24999998, 8.8333333 ], [ -83.24999999, 8.84999998 ], [ -83.25000003, 8.86666664 ], [ -83.24999999, 8.88333329 ], [ -83.25, 8.90000001 ], [ -83.25000003, 8.91666663 ], [ -83.25, 8.93333332 ], [ -83.24999999, 8.95 ], [ -83.25000002, 8.96666666 ], [ -83.24999997, 8.98333331 ], [ -83.24999996, 9.00000004 ], [ -83.22500002, 9.00000001 ], [ -83.19999997, 9.0 ], [ -83.17499996, 9.00000001 ], [ -83.15, 8.99999995 ], [ -83.12500003, 9.00000001 ], [ -83.10000003, 8.99999999 ], [ -83.07500002, 9.0 ], [ -83.04999998, 9.00000003 ], [ -83.02500004, 8.99999998 ], [ -82.99999999, 8.99999996 ], [ -82.99999999, 8.9833333 ] ] ] ] } },
{ "type": "Feature", "properties": { "objectid": 19.0, "id": 19.0, "nombre": "Unión", "hoja_50": "UNION", "codigo_50": "3642-IV" }, "geometry": { "type": "MultiPolygon", "coordinates": [ [ [ [ -82.70000001, 8.95000001 ], [ -82.70000003, 8.93333336 ], [ -82.70000004, 8.9166667 ], [ -82.69999972, 8.88333153 ], [ -82.72500004, 8.88333329 ], [ -82.74999996, 8.88333338 ], [ -82.75000001, 8.86666663 ], [ -82.75, 8.83333333 ], [ -82.85, 8.83333337 ], [ -82.87499999, 8.83333334 ], [ -82.90000001, 8.83333335 ], [ -82.92500004, 8.83333333 ], [ -82.95, 8.83333335 ], [ -82.97499997, 8.83333335 ], [ -83.00000003, 8.83333329 ], [ -82.99999998, 8.84999998 ], [ -83.00000003, 8.86666667 ], [ -82.99999999, 8.88333333 ], [ -82.99999995, 8.89999998 ], [ -83.00000002, 8.91666663 ], [ -83.0, 8.93333334 ], [ -82.99999999, 8.95000003 ], [ -82.99999999, 8.96666663 ], [ -82.99999999, 8.9833333 ], [ -82.99999999, 8.99999996 ], [ -82.97500005, 9.00000004 ], [ -82.95000001, 8.99999997 ], [ -82.92499998, 9.0 ], [ -82.89999997, 8.99999997 ], [ -82.87499997, 8.99999996 ], [ -82.85, 8.99999996 ], [ -82.82499996, 8.99999998 ], [ -82.79999996, 9.00000003 ], [ -82.775, 9.00000001 ], [ -82.74999998, 9.0 ], [ -82.72500001, 9.00000002 ], [ -82.69999954, 8.99999833 ], [ -82.69999996, 8.96666665 ], [ -82.70000001, 8.95000001 ] ] ] ] } },
{ "type": "Feature", "properties": { "objectid": 20.0, "id": 20.0, "nombre": "Coronado", "hoja_50": "CORONADO", "codigo_50": "3443-II" }, "geometry": { "type": "MultiPolygon", "coordinates": [ [ [ [ -83.50000001, 9.15000002 ], [ -83.49999997, 9.13333331 ], [ -83.49999998, 9.11666666 ], [ -83.50000003, 9.10000001 ], [ -83.49999996, 9.08333333 ], [ -83.50000002, 9.06666665 ], [ -83.49999996, 9.05000004 ], [ -83.50000003, 9.03333333 ], [ -83.49999997, 9.01666668 ], [ -83.49999995, 9.00000002 ], [ -83.52499996, 9.00000001 ], [ -83.54999996, 9.00000003 ], [ -83.57500004, 8.99999997 ], [ -83.60000001, 9.00000002 ], [ -83.62499997, 9.0 ], [ -83.65, 9.00000001 ], [ -83.75, 9.0 ], [ -83.75000003, 9.11666663 ], [ -83.74999998, 9.13333337 ], [ -83.77499996, 9.13333334 ], [ -83.77499996, 9.15 ], [ -83.77500002, 9.16666664 ], [ -83.75, 9.16666669 ], [ -83.72500002, 9.16666665 ], [ -83.7, 9.16666668 ], [ -83.67500004, 9.16666671 ], [ -83.65000004, 9.16666663 ], [ -83.62500001, 9.16666664 ], [ -83.59999996, 9.16666663 ], [ -83.57499999, 9.16666663 ], [ -83.55, 9.1666667 ], [ -83.52500001, 9.16666666 ], [ -83.5, 9.16666663 ], [ -83.50000001, 9.15000002 ] ] ] ] } },
{ "type": "Feature", "properties": { "objectid": 21.0, "id": 21.0, "nombre": "General", "hoja_50": "GENERAL", "codigo_50": "3543-III" }, "geometry": { "type": "MultiPolygon", "coordinates": [ [ [ [ -83.25000001, 9.14999998 ], [ -83.24999995, 9.1333333 ], [ -83.25000002, 9.1166667 ], [ -83.25000001, 9.09999998 ], [ -83.25000005, 9.08333335 ], [ -83.25000001, 9.0666667 ], [ -83.25, 9.05000003 ], [ -83.25000002, 9.03333335 ], [ -83.24999998, 9.01666665 ], [ -83.24999996, 9.00000004 ], [ -83.27500003, 9.0 ], [ -83.29999996, 8.99999997 ], [ -83.32500001, 8.99999997 ], [ -83.35000001, 9.0 ], [ -83.37500003, 9.00000004 ], [ -83.39999999, 9.00000001 ], [ -83.42499997, 9.00000001 ], [ -83.44999996, 9.00000003 ], [ -83.47499995, 8.99999997 ], [ -83.49999995, 9.00000002 ], [ -83.49999997, 9.01666668 ], [ -83.50000003, 9.03333333 ], [ -83.49999996, 9.05000004 ], [ -83.50000002, 9.06666665 ], [ -83.49999996, 9.08333333 ], [ -83.50000003, 9.10000001 ], [ -83.49999998, 9.11666666 ], [ -83.49999997, 9.13333331 ], [ -83.50000001, 9.15000002 ], [ -83.5, 9.16666663 ], [ -83.475, 9.16666667 ], [ -83.45000001, 9.16666671 ], [ -83.42500002, 9.16666664 ], [ -83.40000005, 9.16666665 ], [ -83.37499999, 9.16666666 ], [ -83.34999997, 9.16666666 ], [ -83.32499997, 9.16666665 ], [ -83.30000001, 9.16666663 ], [ -83.27499999, 9.16666668 ], [ -83.25, 9.16666664 ], [ -83.25000001, 9.14999998 ] ] ] ] } },
{ "type": "Feature", "properties": { "objectid": 22.0, "id": 22.0, "nombre": "Cabagra", "hoja_50": "CABAGRA", "codigo_50": "3543-II" }, "geometry": { "type": "MultiPolygon", "coordinates": [ [ [ [ -83.00000001, 9.15000001 ], [ -83.00000004, 9.1333333 ], [ -82.99999997, 9.11666668 ], [ -83.00000001, 9.10000003 ], [ -82.99999996, 9.08333338 ], [ -83.0, 9.06666671 ], [ -82.99999997, 9.05000001 ], [ -83.00000004, 9.03333331 ], [ -83.00000001, 9.01666669 ], [ -82.99999999, 8.99999996 ], [ -83.02500004, 8.99999998 ], [ -83.04999998, 9.00000003 ], [ -83.07500002, 9.0 ], [ -83.10000003, 8.99999999 ], [ -83.12500003, 9.00000001 ], [ -83.15, 8.99999995 ], [ -83.17499996, 9.00000001 ], [ -83.19999997, 9.0 ], [ -83.22500002, 9.00000001 ], [ -83.24999996, 9.00000004 ], [ -83.24999998, 9.01666665 ], [ -83.25000002, 9.03333335 ], [ -83.25, 9.05000003 ], [ -83.25000001, 9.0666667 ], [ -83.25000005, 9.08333335 ], [ -83.25000001, 9.09999998 ], [ -83.25000002, 9.1166667 ], [ -83.24999995, 9.1333333 ], [ -83.25000001, 9.14999998 ], [ -83.25, 9.16666664 ], [ -83.22499998, 9.16666668 ], [ -83.2, 9.16666662 ], [ -83.175, 9.16666665 ], [ -83.15000004, 9.16666666 ], [ -83.12499997, 9.16666665 ], [ -83.09999996, 9.16666665 ], [ -83.07500003, 9.16666663 ], [ -83.05, 9.16666669 ], [ -83.02499996, 9.16666666 ], [ -83.0, 9.1666667 ], [ -83.00000001, 9.15000001 ] ] ] ] } },
{ "type": "Feature", "properties": { "objectid": 23.0, "id": 23.0, "nombre": "Pittier", "hoja_50": "PITTIER", "codigo_50": "3643-III" }, "geometry": { "type": "MultiPolygon", "coordinates": [ [ [ [ -82.74999998, 9.0 ], [ -82.775, 9.00000001 ], [ -82.79999996, 9.00000003 ], [ -82.82499996, 8.99999998 ], [ -82.85, 8.99999996 ], [ -82.87499997, 8.99999996 ], [ -82.89999997, 8.99999997 ], [ -82.92499998, 9.0 ], [ -82.95000001, 8.99999997 ], [ -82.97500005, 9.00000004 ], [ -82.99999999, 8.99999996 ], [ -83.00000001, 9.01666669 ], [ -83.00000004, 9.03333331 ], [ -82.99999997, 9.05000001 ], [ -83.0, 9.06666671 ], [ -82.99999996, 9.08333338 ], [ -83.00000001, 9.10000003 ], [ -82.99999997, 9.11666668 ], [ -83.00000004, 9.1333333 ], [ -83.00000001, 9.15000001 ], [ -83.0, 9.1666667 ], [ -82.97499995, 9.16666664 ], [ -82.95000001, 9.16666666 ], [ -82.92499997, 9.16666668 ], [ -82.75, 9.16666667 ], [ -82.74999999, 9.01666663 ], [ -82.74999998, 9.0 ] ] ] ] } },
{ "type": "Feature", "properties": { "objectid": 24.0, "id": 24.0, "nombre": "Dominical", "hoja_50": "DOMINICAL", "codigo_50": "3443-IV" }, "geometry": { "type": "MultiPolygon", "coordinates": [ [ [ [ -83.74999996, 9.31666669 ], [ -83.74999997, 9.30000004 ], [ -83.74999995, 9.28333337 ], [ -83.75000001, 9.26666669 ], [ -83.74999996, 9.24999998 ], [ -83.74999997, 9.23333335 ], [ -83.74999996, 9.21666662 ], [ -83.75000003, 9.19999996 ], [ -83.74999998, 9.18333329 ], [ -83.75, 9.16666669 ], [ -83.77500002, 9.16666664 ], [ -84.0, 9.16666667 ], [ -84.0, 9.31666669 ], [ -84.0, 9.33333331 ], [ -83.97500001, 9.33333333 ], [ -83.95000004, 9.33333332 ], [ -83.92499999, 9.33333335 ], [ -83.90000002, 9.33333335 ], [ -83.875, 9.33333331 ], [ -83.85, 9.33333333 ], [ -83.82500002, 9.33333329 ], [ -83.79999998, 9.33333332 ], [ -83.77499998, 9.3333333 ], [ -83.75000002, 9.33333334 ], [ -83.74999996, 9.31666669 ] ] ] ] } },
{ "type": "Feature", "properties": { "objectid": 25.0, "id": 25.0, "nombre": "Repunta", "hoja_50": "REPUNTA", "codigo_50": "3443-I" }, "geometry": { "type": "MultiPolygon", "coordinates": [ [ [ [ -83.5, 9.3166667 ], [ -83.50000002, 9.29999995 ], [ -83.49999999, 9.28333329 ], [ -83.50000002, 9.26666669 ], [ -83.49999999, 9.25 ], [ -83.50000003, 9.23333337 ], [ -83.50000001, 9.21666664 ], [ -83.49999997, 9.19999998 ], [ -83.49999996, 9.18333332 ], [ -83.5, 9.16666663 ], [ -83.52500001, 9.16666666 ], [ -83.55, 9.1666667 ], [ -83.57499999, 9.16666663 ], [ -83.59999996, 9.16666663 ], [ -83.62500001, 9.16666664 ], [ -83.65000004, 9.16666663 ], [ -83.67500004, 9.16666671 ], [ -83.7, 9.16666668 ], [ -83.72500002, 9.16666665 ], [ -83.75, 9.16666669 ], [ -83.74999998, 9.18333329 ], [ -83.75000003, 9.19999996 ], [ -83.74999996, 9.21666662 ], [ -83.74999997, 9.23333335 ], [ -83.74999996, 9.24999998 ], [ -83.75000001, 9.26666669 ], [ -83.74999995, 9.28333337 ], [ -83.74999997, 9.30000004 ], [ -83.74999996, 9.31666669 ], [ -83.75000002, 9.33333334 ], [ -83.72500002, 9.33333333 ], [ -83.69999997, 9.33333329 ], [ -83.67499998, 9.3333333 ], [ -83.64999996, 9.33333335 ], [ -83.62499999, 9.33333337 ], [ -83.60000001, 9.33333336 ], [ -83.57500001, 9.3333333 ], [ -83.55, 9.33333329 ], [ -83.52499997, 9.33333333 ], [ -83.50000003, 9.33333334 ], [ -83.5, 9.3166667 ] ] ] ] } },
{ "type": "Feature", "properties": { "objectid": 26.0, "id": 26.0, "nombre": "Buenos Aires", "hoja_50": "BUENOS AIRES", "codigo_50": "3543-IV" }, "geometry": { "type": "MultiPolygon", "coordinates": [ [ [ [ -83.25000002, 9.31666668 ], [ -83.24999995, 9.29999997 ], [ -83.25000001, 9.28333333 ], [ -83.25000001, 9.26666668 ], [ -83.25000003, 9.25000002 ], [ -83.24999999, 9.23333333 ], [ -83.24999997, 9.21666664 ], [ -83.24999999, 9.20000002 ], [ -83.25000003, 9.1833333 ], [ -83.25, 9.16666664 ], [ -83.27499999, 9.16666668 ], [ -83.30000001, 9.16666663 ], [ -83.32499997, 9.16666665 ], [ -83.34999997, 9.16666666 ], [ -83.37499999, 9.16666666 ], [ -83.40000005, 9.16666665 ], [ -83.42500002, 9.16666664 ], [ -83.45000001, 9.16666671 ], [ -83.475, 9.16666667 ], [ -83.5, 9.16666663 ], [ -83.49999996, 9.18333332 ], [ -83.49999997, 9.19999998 ], [ -83.50000001, 9.21666664 ], [ -83.50000003, 9.23333337 ], [ -83.49999999, 9.25 ], [ -83.50000002, 9.26666669 ], [ -83.49999999, 9.28333329 ], [ -83.50000002, 9.29999995 ], [ -83.5, 9.3166667 ], [ -83.50000003, 9.33333334 ], [ -83.475, 9.3333333 ], [ -83.44999997, 9.33333331 ], [ -83.42499996, 9.33333329 ], [ -83.39999995, 9.33333332 ], [ -83.37499997, 9.33333331 ], [ -83.35000001, 9.33333335 ], [ -83.32499998, 9.33333334 ], [ -83.29999998, 9.3333333 ], [ -83.27500003, 9.33333331 ], [ -83.25000002, 9.33333338 ], [ -83.25000002, 9.31666668 ] ] ] ] } },
{ "type": "Feature", "properties": { "objectid": 27.0, "id": 27.0, "nombre": "Kamuk", "hoja_50": "KAMUK", "codigo_50": "3543-I" }, "geometry": { "type": "MultiPolygon", "coordinates": [ [ [ [ -83.0, 9.31666668 ], [ -82.99999995, 9.30000003 ], [ -83.00000001, 9.28333338 ], [ -82.99999998, 9.2666667 ], [ -83.00000004, 9.25000001 ], [ -83.00000002, 9.23333331 ], [ -83.0, 9.21666668 ], [ -83.0, 9.20000003 ], [ -82.99999999, 9.18333337 ], [ -83.0, 9.1666667 ], [ -83.02499996, 9.16666666 ], [ -83.05, 9.16666669 ], [ -83.07500003, 9.16666663 ], [ -83.09999996, 9.16666665 ], [ -83.12499997, 9.16666665 ], [ -83.15000004, 9.16666666 ], [ -83.175, 9.16666665 ], [ -83.2, 9.16666662 ], [ -83.22499998, 9.16666668 ], [ -83.25, 9.16666664 ], [ -83.25000003, 9.1833333 ], [ -83.24999999, 9.20000002 ], [ -83.24999997, 9.21666664 ], [ -83.24999999, 9.23333333 ], [ -83.25000003, 9.25000002 ], [ -83.25000001, 9.26666668 ], [ -83.25000001, 9.28333333 ], [ -83.24999995, 9.29999997 ], [ -83.25000002, 9.31666668 ], [ -83.25000002, 9.33333338 ], [ -83.22499997, 9.3333333 ], [ -83.19999995, 9.33333337 ], [ -83.175, 9.33333331 ], [ -83.15000002, 9.33333331 ], [ -83.12500001, 9.33333335 ], [ -83.09999997, 9.33333335 ], [ -83.07500001, 9.33333331 ], [ -83.05000004, 9.33333332 ], [ -83.02499996, 9.3333333 ], [ -82.99999997, 9.33333332 ], [ -83.0, 9.31666668 ] ] ] ] } },
{ "type": "Feature", "properties": { "objectid": 28.0, "id": 28.0, "nombre": "Namaki", "hoja_50": "NAMAKI", "codigo_50": "3643-IV" }, "geometry": { "type": "MultiPolygon", "coordinates": [ [ [ [ -82.75, 9.16666667 ], [ -82.92499997, 9.16666668 ], [ -82.95000001, 9.16666666 ], [ -82.97499995, 9.16666664 ], [ -83.0, 9.1666667 ], [ -82.99999999, 9.18333337 ], [ -83.0, 9.20000003 ], [ -83.0, 9.21666668 ], [ -83.00000002, 9.23333331 ], [ -83.00000004, 9.25000001 ], [ -82.99999998, 9.2666667 ], [ -83.00000001, 9.28333338 ], [ -82.99999995, 9.30000003 ], [ -83.0, 9.31666668 ], [ -82.99999997, 9.33333332 ], [ -82.97499998, 9.33333329 ], [ -82.94999999, 9.33333332 ], [ -82.92500001, 9.33333331 ], [ -82.75, 9.33333333 ], [ -82.75, 9.16666667 ] ] ] ] } },
{ "type": "Feature", "properties": { "objectid": 29.0, "id": 29.0, "nombre": "Quepos", "hoja_50": "QUEPOS", "codigo_50": "3344-II" }, "geometry": { "type": "MultiPolygon", "coordinates": [ [ [ [ -84.22500004, 9.50000003 ], [ -84.19999999, 9.50000004 ], [ -84.17499999, 9.49999996 ], [ -84.14999996, 9.5 ], [ -84.12499999, 9.49999998 ], [ -84.10000001, 9.49999998 ], [ -84.075, 9.49999999 ], [ -84.04999997, 9.50000004 ], [ -84.02500003, 9.5 ], [ -84.0, 9.49999999 ], [ -84.0, 9.48333335 ], [ -84.0, 9.46666671 ], [ -84.0, 9.45000004 ], [ -84.0, 9.43333336 ], [ -84.0, 9.41666666 ], [ -84.0, 9.40000004 ], [ -84.0, 9.38333331 ], [ -84.0, 9.36666666 ], [ -84.0, 9.34999998 ], [ -84.0, 9.33333331 ], [ -84.02499998, 9.33333333 ], [ -84.04999996, 9.33333332 ], [ -84.25, 9.33333333 ], [ -84.25000004, 9.45000001 ], [ -84.24999996, 9.46666671 ], [ -84.25, 9.48333329 ], [ -84.24999997, 9.49999996 ], [ -84.22500004, 9.50000003 ] ] ] ] } },
{ "type": "Feature", "properties": { "objectid": 30.0, "id": 30.0, "nombre": "Savegre", "hoja_50": "SAVEGRE", "codigo_50": "3444-III" }, "geometry": { "type": "MultiPolygon", "coordinates": [ [ [ [ -83.75, 9.48333329 ], [ -83.75000003, 9.46666671 ], [ -83.74999996, 9.45000001 ], [ -83.75000004, 9.4333333 ], [ -83.75000002, 9.41666667 ], [ -83.74999997, 9.40000001 ], [ -83.74999999, 9.38333334 ], [ -83.74999999, 9.36666666 ], [ -83.74999997, 9.34999996 ], [ -83.75000002, 9.33333334 ], [ -83.77499998, 9.3333333 ], [ -83.79999998, 9.33333332 ], [ -83.82500002, 9.33333329 ], [ -83.85, 9.33333333 ], [ -83.875, 9.33333331 ], [ -83.90000002, 9.33333335 ], [ -83.92499999, 9.33333335 ], [ -83.95000004, 9.33333332 ], [ -83.97500001, 9.33333333 ], [ -84.0, 9.33333331 ], [ -84.0, 9.34999998 ], [ -84.0, 9.36666666 ], [ -84.0, 9.38333331 ], [ -84.0, 9.40000004 ], [ -84.0, 9.41666666 ], [ -84.0, 9.43333336 ], [ -84.0, 9.45000004 ], [ -84.0, 9.46666671 ], [ -84.0, 9.48333335 ], [ -84.0, 9.49999999 ], [ -83.97499997, 9.5 ], [ -83.95000003, 9.50000004 ], [ -83.925, 9.49999999 ], [ -83.89999999, 9.49999998 ], [ -83.875, 9.49999998 ], [ -83.85000004, 9.5 ], [ -83.82500001, 9.49999996 ], [ -83.80000001, 9.50000004 ], [ -83.77499995, 9.50000003 ], [ -83.75000003, 9.49999996 ], [ -83.75, 9.48333329 ] ] ] ] } },
{ "type": "Feature", "properties": { "objectid": 31.0, "id": 31.0, "nombre": "San Isidro", "hoja_50": "SAN ISIDRO", "codigo_50": "3444-II" }, "geometry": { "type": "MultiPolygon", "coordinates": [ [ [ [ -83.49999997, 9.48333337 ], [ -83.49999996, 9.46666669 ], [ -83.49999999, 9.45000001 ], [ -83.49999998, 9.43333329 ], [ -83.50000002, 9.41666665 ], [ -83.50000002, 9.4 ], [ -83.49999996, 9.38333334 ], [ -83.49999997, 9.36666666 ], [ -83.50000002, 9.34999996 ], [ -83.50000003, 9.33333334 ], [ -83.52499997, 9.33333333 ], [ -83.55, 9.33333329 ], [ -83.57500001, 9.3333333 ], [ -83.60000001, 9.33333336 ], [ -83.62499999, 9.33333337 ], [ -83.64999996, 9.33333335 ], [ -83.67499998, 9.3333333 ], [ -83.69999997, 9.33333329 ], [ -83.72500002, 9.33333333 ], [ -83.75000002, 9.33333334 ], [ -83.74999997, 9.34999996 ], [ -83.74999999, 9.36666666 ], [ -83.74999999, 9.38333334 ], [ -83.74999997, 9.40000001 ], [ -83.75000002, 9.41666667 ], [ -83.75000004, 9.4333333 ], [ -83.74999996, 9.45000001 ], [ -83.75000003, 9.46666671 ], [ -83.75, 9.48333329 ], [ -83.75000003, 9.49999996 ], [ -83.72499997, 9.5 ], [ -83.69999997, 9.49999997 ], [ -83.67500001, 9.49999996 ], [ -83.65000002, 9.49999998 ], [ -83.625, 9.50000001 ], [ -83.59999997, 9.49999997 ], [ -83.57500001, 9.49999996 ], [ -83.55000003, 9.49999996 ], [ -83.52500004, 9.49999999 ], [ -83.50000004, 9.50000004 ], [ -83.49999997, 9.48333337 ] ] ] ] } },
{ "type": "Feature", "properties": { "objectid": 32.0, "id": 32.0, "nombre": "Durika", "hoja_50": "DURIKA", "codigo_50": "3544-III" }, "geometry": { "type": "MultiPolygon", "coordinates": [ [ [ [ -83.25, 9.4833333 ], [ -83.25000002, 9.46666665 ], [ -83.24999998, 9.44999999 ], [ -83.24999997, 9.43333331 ], [ -83.24999998, 9.41666671 ], [ -83.25000003, 9.4 ], [ -83.25, 9.38333337 ], [ -83.25000001, 9.36666663 ], [ -83.24999995, 9.34999996 ], [ -83.25000002, 9.33333338 ], [ -83.27500003, 9.33333331 ], [ -83.29999998, 9.3333333 ], [ -83.32499998, 9.33333334 ], [ -83.35000001, 9.33333335 ], [ -83.37499997, 9.33333331 ], [ -83.39999995, 9.33333332 ], [ -83.42499996, 9.33333329 ], [ -83.44999997, 9.33333331 ], [ -83.475, 9.3333333 ], [ -83.50000003, 9.33333334 ], [ -83.50000002, 9.34999996 ], [ -83.49999997, 9.36666666 ], [ -83.49999996, 9.38333334 ], [ -83.50000002, 9.4 ], [ -83.50000002, 9.41666665 ], [ -83.49999998, 9.43333329 ], [ -83.49999999, 9.45000001 ], [ -83.49999996, 9.46666669 ], [ -83.49999997, 9.48333337 ], [ -83.50000004, 9.50000004 ], [ -83.47499996, 9.50000001 ], [ -83.44999997, 9.50000002 ], [ -83.42499999, 9.50000003 ], [ -83.40000002, 9.49999999 ], [ -83.37499997, 9.50000004 ], [ -83.34999996, 9.50000003 ], [ -83.32499996, 9.50000004 ], [ -83.3, 9.49999999 ], [ -83.27499999, 9.50000004 ], [ -83.25000001, 9.50000002 ], [ -83.25, 9.4833333 ] ] ] ] } },
{ "type": "Feature", "properties": { "objectid": 33.0, "id": 33.0, "nombre": "Siola", "hoja_50": "SIOLA", "codigo_50": "3544-II" }, "geometry": { "type": "MultiPolygon", "coordinates": [ [ [ [ -82.99999996, 9.48333329 ], [ -83.00000003, 9.46666671 ], [ -83.00000001, 9.45000002 ], [ -82.99999999, 9.43333332 ], [ -82.99999999, 9.41666669 ], [ -82.99999999, 9.40000004 ], [ -82.99999999, 9.38333329 ], [ -83.00000001, 9.3666667 ], [ -83.00000004, 9.35000002 ], [ -82.99999997, 9.33333332 ], [ -83.02499996, 9.3333333 ], [ -83.05000004, 9.33333332 ], [ -83.07500001, 9.33333331 ], [ -83.09999997, 9.33333335 ], [ -83.12500001, 9.33333335 ], [ -83.15000002, 9.33333331 ], [ -83.175, 9.33333331 ], [ -83.19999995, 9.33333337 ], [ -83.22499997, 9.3333333 ], [ -83.25000002, 9.33333338 ], [ -83.24999995, 9.34999996 ], [ -83.25000001, 9.36666663 ], [ -83.25, 9.38333337 ], [ -83.25000003, 9.4 ], [ -83.24999998, 9.41666671 ], [ -83.24999997, 9.43333331 ], [ -83.24999998, 9.44999999 ], [ -83.25000002, 9.46666665 ], [ -83.25, 9.4833333 ], [ -83.25000001, 9.50000002 ], [ -83.22499998, 9.50000002 ], [ -83.20000001, 9.50000005 ], [ -83.175, 9.49999999 ], [ -83.14999995, 9.49999997 ], [ -83.12499997, 9.49999996 ], [ -83.09999997, 9.49999998 ], [ -83.07500004, 9.5 ], [ -83.05, 9.49999997 ], [ -83.02499995, 9.50000004 ], [ -82.99999999, 9.50000004 ], [ -82.99999996, 9.48333329 ] ] ] ] } },
{ "type": "Feature", "properties": { "objectid": 34.0, "id": 34.0, "nombre": "Sukut", "hoja_50": "SUKUT", "codigo_50": "3644-III" }, "geometry": { "type": "MultiPolygon", "coordinates": [ [ [ [ -82.75, 9.33333333 ], [ -82.92500001, 9.33333331 ], [ -82.94999999, 9.33333332 ], [ -82.97499998, 9.33333329 ], [ -82.99999997, 9.33333332 ], [ -83.00000004, 9.35000002 ], [ -83.00000001, 9.3666667 ], [ -82.99999999, 9.38333329 ], [ -82.99999999, 9.40000004 ], [ -82.99999999, 9.41666669 ], [ -82.99999999, 9.43333332 ], [ -83.00000001, 9.45000002 ], [ -83.00000003, 9.46666671 ], [ -82.99999996, 9.48333329 ], [ -82.99999999, 9.50000004 ], [ -82.97500003, 9.49999998 ], [ -82.94999998, 9.50000001 ], [ -82.92500003, 9.49999998 ], [ -82.9, 9.49999998 ], [ -82.87499999, 9.49999998 ], [ -82.85, 9.50000001 ], [ -82.82500004, 9.49999997 ], [ -82.75, 9.5 ], [ -82.75, 9.33333333 ] ] ] ] } },
{ "type": "Feature", "properties": { "objectid": 35.0, "id": 35.0, "nombre": "Dota", "hoja_50": "DOTA", "codigo_50": "3344-I" }, "geometry": { "type": "MultiPolygon", "coordinates": [ [ [ [ -84.22499996, 9.66666662 ], [ -84.2, 9.6666667 ], [ -84.17500001, 9.66666668 ], [ -84.14999999, 9.66666665 ], [ -84.12500003, 9.6666667 ], [ -84.09999996, 9.66666664 ], [ -84.07499997, 9.66666668 ], [ -84.04999995, 9.66666671 ], [ -84.02500003, 9.66666663 ], [ -84.0, 9.66666663 ], [ -84.0, 9.64999997 ], [ -84.0, 9.6333333 ], [ -84.0, 9.61666671 ], [ -84.0, 9.60000001 ], [ -84.0, 9.58333337 ], [ -84.0, 9.56666664 ], [ -84.0, 9.54999998 ], [ -84.0, 9.5333333 ], [ -84.0, 9.5166667 ], [ -84.0, 9.49999999 ], [ -84.02500003, 9.5 ], [ -84.04999997, 9.50000004 ], [ -84.075, 9.49999999 ], [ -84.10000001, 9.49999998 ], [ -84.12499999, 9.49999998 ], [ -84.14999996, 9.5 ], [ -84.17499999, 9.49999996 ], [ -84.19999999, 9.50000004 ], [ -84.22500004, 9.50000003 ], [ -84.24999997, 9.49999996 ], [ -84.25000005, 9.5166667 ], [ -84.24999996, 9.53333333 ], [ -84.24999999, 9.55000004 ], [ -84.25000004, 9.56666664 ], [ -84.25000002, 9.58333331 ], [ -84.25000002, 9.59999997 ], [ -84.25000004, 9.6166667 ], [ -84.25, 9.63333333 ], [ -84.24999997, 9.65000003 ], [ -84.24999997, 9.66666663 ], [ -84.22499996, 9.66666662 ] ] ] ] } },
{ "type": "Feature", "properties": { "objectid": 36.0, "id": 36.0, "nombre": "Vueltas", "hoja_50": "VUELTAS", "codigo_50": "3444-IV" }, "geometry": { "type": "MultiPolygon", "coordinates": [ [ [ [ -83.75000003, 9.65000003 ], [ -83.75, 9.63333333 ], [ -83.74999995, 9.6166667 ], [ -83.74999997, 9.59999997 ], [ -83.74999998, 9.58333331 ], [ -83.74999996, 9.56666664 ], [ -83.75, 9.55000004 ], [ -83.75000004, 9.53333333 ], [ -83.74999995, 9.5166667 ], [ -83.75000003, 9.49999996 ], [ -83.77499995, 9.50000003 ], [ -83.80000001, 9.50000004 ], [ -83.82500001, 9.49999996 ], [ -83.85000004, 9.5 ], [ -83.875, 9.49999998 ], [ -83.89999999, 9.49999998 ], [ -83.925, 9.49999999 ], [ -83.95000003, 9.50000004 ], [ -83.97499997, 9.5 ], [ -84.0, 9.49999999 ], [ -84.0, 9.5166667 ], [ -84.0, 9.5333333 ], [ -84.0, 9.54999998 ], [ -84.0, 9.56666664 ], [ -84.0, 9.58333337 ], [ -84.0, 9.60000001 ], [ -84.0, 9.61666671 ], [ -84.0, 9.6333333 ], [ -84.0, 9.64999997 ], [ -84.0, 9.66666663 ], [ -83.97499997, 9.66666663 ], [ -83.95000004, 9.66666671 ], [ -83.92500003, 9.66666668 ], [ -83.90000004, 9.66666664 ], [ -83.87499996, 9.6666667 ], [ -83.85000001, 9.66666665 ], [ -83.82499999, 9.66666668 ], [ -83.8, 9.6666667 ], [ -83.77500004, 9.66666662 ], [ -83.75000003, 9.66666663 ], [ -83.75000003, 9.65000003 ] ] ] ] } },
{ "type": "Feature", "properties": { "objectid": 37.0, "id": 37.0, "nombre": "Parrita", "hoja_50": "PARRITA", "codigo_50": "3344-IV" }, "geometry": { "type": "MultiPolygon", "coordinates": [ [ [ [ -84.47499997, 9.6666667 ], [ -84.44999999, 9.66666669 ], [ -84.42500003, 9.66666666 ], [ -84.39999997, 9.66666664 ], [ -84.37500004, 9.66666669 ], [ -84.35000003, 9.66666664 ], [ -84.32499996, 9.66666667 ], [ -84.30000002, 9.6666667 ], [ -84.27500001, 9.66666662 ], [ -84.24999997, 9.66666663 ], [ -84.24999997, 9.65000003 ], [ -84.25, 9.63333333 ], [ -84.25000004, 9.6166667 ], [ -84.25000002, 9.59999997 ], [ -84.25000002, 9.58333331 ], [ -84.25000004, 9.56666664 ], [ -84.24999999, 9.55000004 ], [ -84.24999996, 9.53333333 ], [ -84.25000005, 9.5166667 ], [ -84.24999997, 9.49999996 ], [ -84.25, 9.48333329 ], [ -84.24999996, 9.46666671 ], [ -84.27499998, 9.46666663 ], [ -84.30000004, 9.46666666 ], [ -84.30000002, 9.48333337 ], [ -84.32500005, 9.48333331 ], [ -84.35, 9.48333336 ], [ -84.375, 9.48333335 ], [ -84.37499999, 9.50000001 ], [ -84.40000003, 9.49999997 ], [ -84.42499999, 9.49999996 ], [ -84.44999997, 9.49999996 ], [ -84.50000005, 9.50000178 ], [ -84.50000002, 9.51666668 ], [ -84.50000004, 9.53333332 ], [ -84.50000001, 9.55000003 ], [ -84.50000002, 9.56666662 ], [ -84.49999998, 9.58333329 ], [ -84.49999998, 9.59999996 ], [ -84.50000003, 9.61666669 ], [ -84.50000003, 9.63333331 ], [ -84.49999997, 9.65000001 ], [ -84.49999996, 9.6666667 ], [ -84.47499997, 9.6666667 ] ] ] ] } },
{ "type": "Feature", "properties": { "objectid": 38.0, "id": 38.0, "nombre": "Cuericí", "hoja_50": "CUERICI", "codigo_50": "3444-I" }, "geometry": { "type": "MultiPolygon", "coordinates": [ [ [ [ -83.50000003, 9.65000001 ], [ -83.49999997, 9.63333331 ], [ -83.49999997, 9.61666669 ], [ -83.50000002, 9.59999996 ], [ -83.50000002, 9.58333329 ], [ -83.49999997, 9.56666662 ], [ -83.49999999, 9.55000003 ], [ -83.49999996, 9.53333332 ], [ -83.49999998, 9.51666668 ], [ -83.50000004, 9.50000004 ], [ -83.52500004, 9.49999999 ], [ -83.55000003, 9.49999996 ], [ -83.57500001, 9.49999996 ], [ -83.59999997, 9.49999997 ], [ -83.625, 9.50000001 ], [ -83.65000002, 9.49999998 ], [ -83.67500001, 9.49999996 ], [ -83.69999997, 9.49999997 ], [ -83.72499997, 9.5 ], [ -83.75000003, 9.49999996 ], [ -83.74999995, 9.5166667 ], [ -83.75000004, 9.53333333 ], [ -83.75, 9.55000004 ], [ -83.74999996, 9.56666664 ], [ -83.74999998, 9.58333331 ], [ -83.74999997, 9.59999997 ], [ -83.74999995, 9.6166667 ], [ -83.75, 9.63333333 ], [ -83.75000003, 9.65000003 ], [ -83.75000003, 9.66666663 ], [ -83.72499999, 9.66666662 ], [ -83.69999998, 9.6666667 ], [ -83.67500004, 9.66666667 ], [ -83.64999997, 9.66666664 ], [ -83.62499996, 9.66666669 ], [ -83.60000003, 9.66666664 ], [ -83.57499997, 9.66666666 ], [ -83.55000001, 9.66666669 ], [ -83.52500002, 9.6666667 ], [ -83.50000003, 9.6666667 ], [ -83.50000003, 9.65000001 ] ] ] ] } },
{ "type": "Feature", "properties": { "objectid": 39.0, "id": 39.0, "nombre": "Matama", "hoja_50": "MATAMA", "codigo_50": "3544-IV" }, "geometry": { "type": "MultiPolygon", "coordinates": [ [ [ [ -83.24999995, 9.64999998 ], [ -83.24999997, 9.63333332 ], [ -83.25000001, 9.61666663 ], [ -83.25, 9.60000002 ], [ -83.25, 9.5833333 ], [ -83.25000004, 9.56666666 ], [ -83.25000001, 9.54999999 ], [ -83.25000001, 9.53333333 ], [ -83.25000004, 9.51666664 ], [ -83.25000001, 9.50000002 ], [ -83.27499999, 9.50000004 ], [ -83.3, 9.49999999 ], [ -83.32499996, 9.50000004 ], [ -83.34999996, 9.50000003 ], [ -83.37499997, 9.50000004 ], [ -83.40000002, 9.49999999 ], [ -83.42499999, 9.50000003 ], [ -83.44999997, 9.50000002 ], [ -83.47499996, 9.50000001 ], [ -83.50000004, 9.50000004 ], [ -83.49999998, 9.51666668 ], [ -83.49999996, 9.53333332 ], [ -83.49999999, 9.55000003 ], [ -83.49999997, 9.56666662 ], [ -83.50000002, 9.58333329 ], [ -83.50000002, 9.59999996 ], [ -83.49999997, 9.61666669 ], [ -83.49999997, 9.63333331 ], [ -83.50000003, 9.65000001 ], [ -83.50000003, 9.6666667 ], [ -83.47499996, 9.66666669 ], [ -83.44999997, 9.66666668 ], [ -83.425, 9.66666665 ], [ -83.40000004, 9.6666667 ], [ -83.375, 9.66666666 ], [ -83.34999999, 9.66666669 ], [ -83.325, 9.66666663 ], [ -83.30000005, 9.66666664 ], [ -83.27500003, 9.66666665 ], [ -83.24999997, 9.66666664 ], [ -83.24999995, 9.64999998 ] ] ] ] } },
{ "type": "Feature", "properties": { "objectid": 40.0, "id": 40.0, "nombre": "Herradura", "hoja_50": "HERRADURA", "codigo_50": "3244-I" }, "geometry": { "type": "MultiPolygon", "coordinates": [ [ [ [ -84.69999995, 9.66666664 ], [ -84.675, 9.66666663 ], [ -84.65000001, 9.66666669 ], [ -84.625, 9.66666666 ], [ -84.59999996, 9.6666667 ], [ -84.575, 9.66666665 ], [ -84.55000003, 9.66666668 ], [ -84.52500004, 9.66666669 ], [ -84.49999996, 9.6666667 ], [ -84.49999997, 9.65000001 ], [ -84.50000003, 9.63333331 ], [ -84.50000003, 9.61666669 ], [ -84.49999998, 9.59999996 ], [ -84.49999998, 9.58333329 ], [ -84.50000002, 9.56666662 ], [ -84.50000001, 9.55000003 ], [ -84.50000004, 9.53333332 ], [ -84.50000002, 9.51666668 ], [ -84.50000005, 9.50000178 ], [ -84.52500004, 9.50000001 ], [ -84.55000003, 9.50000002 ], [ -84.75, 9.5 ], [ -84.75, 9.66666667 ], [ -84.69999995, 9.66666664 ] ] ] ] } },
{ "type": "Feature", "properties": { "objectid": 41.0, "id": 41.0, "nombre": "Telire", "hoja_50": "TELIRE", "codigo_50": "3544-I" }, "geometry": { "type": "MultiPolygon", "coordinates": [ [ [ [ -82.99999997, 9.65 ], [ -82.99999997, 9.6333333 ], [ -82.99999997, 9.61666667 ], [ -82.99999998, 9.60000003 ], [ -82.99999999, 9.58333337 ], [ -83.00000002, 9.5666667 ], [ -83.00000005, 9.55000001 ], [ -82.99999999, 9.53333331 ], [ -83.00000004, 9.51666668 ], [ -82.99999999, 9.50000004 ], [ -83.02499995, 9.50000004 ], [ -83.05, 9.49999997 ], [ -83.07500004, 9.5 ], [ -83.09999997, 9.49999998 ], [ -83.12499997, 9.49999996 ], [ -83.14999995, 9.49999997 ], [ -83.175, 9.49999999 ], [ -83.20000001, 9.50000005 ], [ -83.22499998, 9.50000002 ], [ -83.25000001, 9.50000002 ], [ -83.25000004, 9.51666664 ], [ -83.25000001, 9.53333333 ], [ -83.25000001, 9.54999999 ], [ -83.25000004, 9.56666666 ], [ -83.25, 9.5833333 ], [ -83.25, 9.60000002 ], [ -83.25000001, 9.61666663 ], [ -83.24999997, 9.63333332 ], [ -83.24999995, 9.64999998 ], [ -83.24999997, 9.66666664 ], [ -83.22500004, 9.66666663 ], [ -83.19999998, 9.6666667 ], [ -83.17499997, 9.66666666 ], [ -83.15000002, 9.66666671 ], [ -83.12499996, 9.66666665 ], [ -83.10000005, 9.66666668 ], [ -83.07500002, 9.6666667 ], [ -83.04999998, 9.6666667 ], [ -83.02500003, 9.6666667 ], [ -82.99999998, 9.66666669 ], [ -82.99999997, 9.65 ] ] ] ] } },
{ "type": "Feature", "properties": { "objectid": 42.0, "id": 42.0, "nombre": "Cabuya", "hoja_50": "CABUYA", "codigo_50": "3144-I" }, "geometry": { "type": "MultiPolygon", "coordinates": [ [ [ [ -85.20000002, 9.66666664 ], [ -85.17499999, 9.66666665 ], [ -85.15000002, 9.66666664 ], [ -85.12500003, 9.66666663 ], [ -85.10000001, 9.6666667 ], [ -85.07499998, 9.66666667 ], [ -85.05000003, 9.66666662 ], [ -85.02499998, 9.66666666 ], [ -85.0, 9.66666667 ], [ -85.0, 9.5 ], [ -85.25, 9.5 ], [ -85.25, 9.66666667 ], [ -85.225, 9.6666667 ], [ -85.20000002, 9.66666664 ] ] ] ] } },
{ "type": "Feature", "properties": { "objectid": 43.0, "id": 43.0, "nombre": "Amubri", "hoja_50": "AMUBRI", "codigo_50": "3644-IV" }, "geometry": { "type": "MultiPolygon", "coordinates": [ [ [ [ -82.75000003, 9.64999999 ], [ -82.75000002, 9.63333329 ], [ -82.74999997, 9.61666666 ], [ -82.75000002, 9.60000003 ], [ -82.74999996, 9.58333337 ], [ -82.74999997, 9.5666667 ], [ -82.74999997, 9.55000001 ], [ -82.75, 9.5 ], [ -82.82500004, 9.49999997 ], [ -82.85, 9.50000001 ], [ -82.87499999, 9.49999998 ], [ -82.9, 9.49999998 ], [ -82.92500003, 9.49999998 ], [ -82.94999998, 9.50000001 ], [ -82.97500003, 9.49999998 ], [ -82.99999999, 9.50000004 ], [ -83.00000004, 9.51666668 ], [ -82.99999999, 9.53333331 ], [ -83.00000005, 9.55000001 ], [ -83.00000002, 9.5666667 ], [ -82.99999999, 9.58333337 ], [ -82.99999998, 9.60000003 ], [ -82.99999997, 9.61666667 ], [ -82.99999997, 9.6333333 ], [ -82.99999997, 9.65 ], [ -82.99999998, 9.66666669 ], [ -82.97500002, 9.66666666 ], [ -82.94999997, 9.66666662 ], [ -82.92500002, 9.66666667 ], [ -82.89999999, 9.6666667 ], [ -82.87499997, 9.66666663 ], [ -82.84999998, 9.66666664 ], [ -82.82500001, 9.66666665 ], [ -82.79999998, 9.66666664 ], [ -82.775, 9.6666667 ], [ -82.75000004, 9.66666667 ], [ -82.75000003, 9.64999999 ] ] ] ] } },
{ "type": "Feature", "properties": { "objectid": 44.0, "id": 44.0, "nombre": "Sixaola", "hoja_50": "SIXAOLA", "codigo_50": "3644-I" }, "geometry": { "type": "MultiPolygon", "coordinates": [ [ [ [ -82.5, 9.5 ], [ -82.60000002, 9.50014026 ], [ -82.60000002, 9.48333331 ], [ -82.62499997, 9.48333337 ], [ -82.64999999, 9.48333338 ], [ -82.67499998, 9.4833333 ], [ -82.67499996, 9.50000004 ], [ -82.70000004, 9.49999996 ], [ -82.75, 9.5 ], [ -82.74999997, 9.55000001 ], [ -82.74999997, 9.5666667 ], [ -82.74999996, 9.58333337 ], [ -82.75000002, 9.60000003 ], [ -82.74999997, 9.61666666 ], [ -82.75000002, 9.63333329 ], [ -82.75000003, 9.64999999 ], [ -82.75000004, 9.66666667 ], [ -82.72500004, 9.66666663 ], [ -82.5, 9.66666667 ], [ -82.50008163, 9.64990949 ], [ -82.50009389, 9.6332432 ], [ -82.5001061, 9.61657621 ], [ -82.50011838, 9.59990998 ], [ -82.50013052, 9.58324366 ], [ -82.50014273, 9.56657671 ], [ -82.50015481, 9.5500215 ], [ -82.5, 9.5 ] ] ] ] } },
{ "type": "Feature", "properties": { "objectid": 45.0, "id": 45.0, "nombre": "Caraigres", "hoja_50": "CARAIGRES", "codigo_50": "3345-II" }, "geometry": { "type": "MultiPolygon", "coordinates": [ [ [ [ -84.22500003, 9.83333332 ], [ -84.19999997, 9.8333333 ], [ -84.17499996, 9.83333332 ], [ -84.15000002, 9.8333333 ], [ -84.12500004, 9.83333334 ], [ -84.10000004, 9.83333334 ], [ -84.07500002, 9.83333329 ], [ -84.04999999, 9.8333333 ], [ -84.02500004, 9.83333336 ], [ -84.0, 9.83333338 ], [ -84.0, 9.8166667 ], [ -84.0, 9.80000001 ], [ -84.0, 9.7833333 ], [ -84.0, 9.76666667 ], [ -84.0, 9.75000003 ], [ -84.0, 9.73333336 ], [ -84.0, 9.71666668 ], [ -84.0, 9.69999998 ], [ -84.0, 9.68333336 ], [ -84.0, 9.66666663 ], [ -84.02500003, 9.66666663 ], [ -84.04999995, 9.66666671 ], [ -84.07499997, 9.66666668 ], [ -84.09999996, 9.66666664 ], [ -84.12500003, 9.6666667 ], [ -84.14999999, 9.66666665 ], [ -84.17500001, 9.66666668 ], [ -84.2, 9.6666667 ], [ -84.22499996, 9.66666662 ], [ -84.24999997, 9.66666663 ], [ -84.24999997, 9.6833333 ], [ -84.25000001, 9.70000004 ], [ -84.24999998, 9.71666668 ], [ -84.24999997, 9.7333333 ], [ -84.24999998, 9.74999999 ], [ -84.25000001, 9.76666667 ], [ -84.24999997, 9.78333334 ], [ -84.25000004, 9.79999998 ], [ -84.25000004, 9.8166667 ], [ -84.24999997, 9.83333332 ], [ -84.22500003, 9.83333332 ] ] ] ] } },
{ "type": "Feature", "properties": { "objectid": 46.0, "id": 46.0, "nombre": "Tapantí", "hoja_50": "TAPANTI", "codigo_50": "3445-III" }, "geometry": { "type": "MultiPolygon", "coordinates": [ [ [ [ -83.74999996, 9.8166667 ], [ -83.74999996, 9.79999998 ], [ -83.75000003, 9.78333334 ], [ -83.74999999, 9.76666667 ], [ -83.75000002, 9.74999999 ], [ -83.75000003, 9.7333333 ], [ -83.75000002, 9.71666668 ], [ -83.74999999, 9.70000004 ], [ -83.75000002, 9.6833333 ], [ -83.75000003, 9.66666663 ], [ -83.77500004, 9.66666662 ], [ -83.8, 9.6666667 ], [ -83.82499999, 9.66666668 ], [ -83.85000001, 9.66666665 ], [ -83.87499996, 9.6666667 ], [ -83.90000004, 9.66666664 ], [ -83.92500003, 9.66666668 ], [ -83.95000004, 9.66666671 ], [ -83.97499997, 9.66666663 ], [ -84.0, 9.66666663 ], [ -84.0, 9.68333336 ], [ -84.0, 9.69999998 ], [ -84.0, 9.71666668 ], [ -84.0, 9.73333336 ], [ -84.0, 9.75000003 ], [ -84.0, 9.76666667 ], [ -84.0, 9.7833333 ], [ -84.0, 9.80000001 ], [ -84.0, 9.8166667 ], [ -84.0, 9.83333338 ], [ -83.97499995, 9.83333336 ], [ -83.95000001, 9.8333333 ], [ -83.92499998, 9.83333329 ], [ -83.89999996, 9.83333334 ], [ -83.87499996, 9.83333334 ], [ -83.84999998, 9.8333333 ], [ -83.82500004, 9.83333332 ], [ -83.80000002, 9.8333333 ], [ -83.77499997, 9.83333332 ], [ -83.75000003, 9.83333332 ], [ -83.74999996, 9.8166667 ] ] ] ] } },
{ "type": "Feature", "properties": { "objectid": 47.0, "id": 47.0, "nombre": "Candelaria", "hoja_50": "CANDELARIA", "codigo_50": "3345-III" }, "geometry": { "type": "MultiPolygon", "coordinates": [ [ [ [ -84.47499998, 9.83333335 ], [ -84.44999998, 9.83333335 ], [ -84.42499998, 9.83333331 ], [ -84.40000001, 9.83333333 ], [ -84.37499995, 9.8333333 ], [ -84.35000002, 9.83333333 ], [ -84.32500002, 9.83333331 ], [ -84.29999997, 9.83333335 ], [ -84.27500003, 9.83333335 ], [ -84.24999997, 9.83333332 ], [ -84.25000004, 9.8166667 ], [ -84.25000004, 9.79999998 ], [ -84.24999997, 9.78333334 ], [ -84.25000001, 9.76666667 ], [ -84.24999998, 9.74999999 ], [ -84.24999997, 9.7333333 ], [ -84.24999998, 9.71666668 ], [ -84.25000001, 9.70000004 ], [ -84.24999997, 9.6833333 ], [ -84.24999997, 9.66666663 ], [ -84.27500001, 9.66666662 ], [ -84.30000002, 9.6666667 ], [ -84.32499996, 9.66666667 ], [ -84.35000003, 9.66666664 ], [ -84.37500004, 9.66666669 ], [ -84.39999997, 9.66666664 ], [ -84.42500003, 9.66666666 ], [ -84.44999999, 9.66666669 ], [ -84.47499997, 9.6666667 ], [ -84.49999996, 9.6666667 ], [ -84.5, 9.68333337 ], [ -84.49999997, 9.70000003 ], [ -84.5, 9.71666666 ], [ -84.49999998, 9.73333337 ], [ -84.49999999, 9.74999998 ], [ -84.49999996, 9.76666666 ], [ -84.49999997, 9.78333332 ], [ -84.50000002, 9.79999996 ], [ -84.50000002, 9.81666669 ], [ -84.49999998, 9.8333333 ], [ -84.47499998, 9.83333335 ] ] ] ] } },
{ "type": "Feature", "properties": { "objectid": 48.0, "id": 48.0, "nombre": "Pejibaye", "hoja_50": "PEJIBAYE", "codigo_50": "3445-II" }, "geometry": { "type": "MultiPolygon", "coordinates": [ [ [ [ -83.49999997, 9.81666669 ], [ -83.49999998, 9.79999996 ], [ -83.50000003, 9.78333332 ], [ -83.50000004, 9.76666666 ], [ -83.50000001, 9.74999998 ], [ -83.50000002, 9.73333337 ], [ -83.5, 9.71666666 ], [ -83.50000003, 9.70000003 ], [ -83.5, 9.68333337 ], [ -83.50000003, 9.6666667 ], [ -83.52500002, 9.6666667 ], [ -83.55000001, 9.66666669 ], [ -83.57499997, 9.66666666 ], [ -83.60000003, 9.66666664 ], [ -83.62499996, 9.66666669 ], [ -83.64999997, 9.66666664 ], [ -83.67500004, 9.66666667 ], [ -83.69999998, 9.6666667 ], [ -83.72499999, 9.66666662 ], [ -83.75000003, 9.66666663 ], [ -83.75000002, 9.6833333 ], [ -83.74999999, 9.70000004 ], [ -83.75000002, 9.71666668 ], [ -83.75000003, 9.7333333 ], [ -83.75000002, 9.74999999 ], [ -83.74999999, 9.76666667 ], [ -83.75000003, 9.78333334 ], [ -83.74999996, 9.79999998 ], [ -83.74999996, 9.8166667 ], [ -83.75000003, 9.83333332 ], [ -83.72499997, 9.83333335 ], [ -83.70000003, 9.83333335 ], [ -83.67499998, 9.83333331 ], [ -83.64999998, 9.83333333 ], [ -83.62500005, 9.8333333 ], [ -83.59999999, 9.83333333 ], [ -83.57500001, 9.83333331 ], [ -83.55000002, 9.83333335 ], [ -83.52500002, 9.83333335 ], [ -83.50000002, 9.8333333 ], [ -83.49999997, 9.81666669 ] ] ] ] } },
{ "type": "Feature", "properties": { "objectid": 49.0, "id": 49.0, "nombre": "Chirripó", "hoja_50": "CHIRRIPO", "codigo_50": "3545-III" }, "geometry": { "type": "MultiPolygon", "coordinates": [ [ [ [ -83.24999998, 9.81666664 ], [ -83.24999999, 9.80000003 ], [ -83.25000002, 9.78333332 ], [ -83.24999999, 9.76666669 ], [ -83.24999999, 9.75000004 ], [ -83.25000003, 9.73333337 ], [ -83.25, 9.71666669 ], [ -83.24999999, 9.7 ], [ -83.25000001, 9.68333337 ], [ -83.24999997, 9.66666664 ], [ -83.27500003, 9.66666665 ], [ -83.30000005, 9.66666664 ], [ -83.325, 9.66666663 ], [ -83.34999999, 9.66666669 ], [ -83.375, 9.66666666 ], [ -83.40000004, 9.6666667 ], [ -83.425, 9.66666665 ], [ -83.44999997, 9.66666668 ], [ -83.47499996, 9.66666669 ], [ -83.50000003, 9.6666667 ], [ -83.5, 9.68333337 ], [ -83.50000003, 9.70000003 ], [ -83.5, 9.71666666 ], [ -83.50000002, 9.73333337 ], [ -83.50000001, 9.74999998 ], [ -83.50000004, 9.76666666 ], [ -83.50000003, 9.78333332 ], [ -83.49999998, 9.79999996 ], [ -83.49999997, 9.81666669 ], [ -83.50000002, 9.8333333 ], [ -83.475, 9.83333331 ], [ -83.45, 9.83333337 ], [ -83.42500001, 9.83333329 ], [ -83.40000003, 9.83333337 ], [ -83.37499996, 9.8333333 ], [ -83.35000002, 9.83333329 ], [ -83.32500001, 9.83333333 ], [ -83.30000003, 9.83333334 ], [ -83.27499999, 9.8333333 ], [ -83.25, 9.83333331 ], [ -83.24999998, 9.81666664 ] ] ] ] } },
{ "type": "Feature", "properties": { "objectid": 50.0, "id": 50.0, "nombre": "Tárcoles", "hoja_50": "TARCOLES", "codigo_50": "3245-II" }, "geometry": { "type": "MultiPolygon", "coordinates": [ [ [ [ -84.69999997, 9.83333334 ], [ -84.67499999, 9.83333333 ], [ -84.64999998, 9.83333329 ], [ -84.62500004, 9.8333333 ], [ -84.59999997, 9.83333337 ], [ -84.57499999, 9.83333329 ], [ -84.55, 9.83333337 ], [ -84.52499999, 9.83333331 ], [ -84.49999998, 9.8333333 ], [ -84.50000002, 9.81666669 ], [ -84.50000002, 9.79999996 ], [ -84.49999997, 9.78333332 ], [ -84.49999996, 9.76666666 ], [ -84.49999999, 9.74999998 ], [ -84.49999998, 9.73333337 ], [ -84.5, 9.71666666 ], [ -84.49999997, 9.70000003 ], [ -84.5, 9.68333337 ], [ -84.49999996, 9.6666667 ], [ -84.52500004, 9.66666669 ], [ -84.55000003, 9.66666668 ], [ -84.575, 9.66666665 ], [ -84.59999996, 9.6666667 ], [ -84.625, 9.66666666 ], [ -84.65000001, 9.66666669 ], [ -84.675, 9.66666663 ], [ -84.69999995, 9.66666664 ], [ -84.75, 9.66666667 ], [ -84.75, 9.83333333 ], [ -84.69999997, 9.83333334 ] ] ] ] } },
{ "type": "Feature", "properties": { "objectid": 51.0, "id": 51.0, "nombre": "Tambor", "hoja_50": "TAMBOR", "codigo_50": "3245-III" }, "geometry": { "type": "MultiPolygon", "coordinates": [ [ [ [ -84.97499998, 9.83333333 ], [ -84.95, 9.83333332 ], [ -84.92500003, 9.83333335 ], [ -84.89999998, 9.83333335 ], [ -84.87500004, 9.83333331 ], [ -84.85000004, 9.83333332 ], [ -84.82499998, 9.83333338 ], [ -84.75, 9.83333333 ], [ -84.75, 9.66666667 ], [ -85.0, 9.66666667 ], [ -85.0, 9.68333335 ], [ -84.99999997, 9.7 ], [ -85.00000003, 9.71666664 ], [ -85.0, 9.73333335 ], [ -85.00000004, 9.74999996 ], [ -84.99999998, 9.76666665 ], [ -85.00000001, 9.78333331 ], [ -85.00000003, 9.79999996 ], [ -84.99999996, 9.81666668 ], [ -84.99999997, 9.83333329 ], [ -84.97499998, 9.83333333 ] ] ] ] } },
{ "type": "Feature", "properties": { "objectid": 52.0, "id": 52.0, "nombre": "Estrella", "hoja_50": "ESTRELLA", "codigo_50": "3545-II" }, "geometry": { "type": "MultiPolygon", "coordinates": [ [ [ [ -83.00000004, 9.81666668 ], [ -82.99999997, 9.79999996 ], [ -82.99999999, 9.78333331 ], [ -83.00000002, 9.76666665 ], [ -82.99999996, 9.74999996 ], [ -83.0, 9.73333335 ], [ -82.99999997, 9.71666664 ], [ -83.00000003, 9.7 ], [ -83.0, 9.68333335 ], [ -82.99999998, 9.66666669 ], [ -83.02500003, 9.6666667 ], [ -83.04999998, 9.6666667 ], [ -83.07500002, 9.6666667 ], [ -83.10000005, 9.66666668 ], [ -83.12499996, 9.66666665 ], [ -83.15000002, 9.66666671 ], [ -83.17499997, 9.66666666 ], [ -83.19999998, 9.6666667 ], [ -83.22500004, 9.66666663 ], [ -83.24999997, 9.66666664 ], [ -83.25000001, 9.68333337 ], [ -83.24999999, 9.7 ], [ -83.25, 9.71666669 ], [ -83.25000003, 9.73333337 ], [ -83.24999999, 9.75000004 ], [ -83.24999999, 9.76666669 ], [ -83.25000002, 9.78333332 ], [ -83.24999999, 9.80000003 ], [ -83.24999998, 9.81666664 ], [ -83.25, 9.83333331 ], [ -83.22499996, 9.83333338 ], [ -83.19999996, 9.8333333 ], [ -83.17500002, 9.83333338 ], [ -83.14999996, 9.83333332 ], [ -83.12499995, 9.83333331 ], [ -83.10000001, 9.83333335 ], [ -83.07499997, 9.83333335 ], [ -83.05, 9.83333332 ], [ -83.02500001, 9.83333333 ], [ -83.00000003, 9.83333329 ], [ -83.00000004, 9.81666668 ] ] ] ] } },
{ "type": "Feature", "properties": { "objectid": 53.0, "id": 53.0, "nombre": "Río Ario", "hoja_50": "RIO ARIO", "codigo_50": "3145-II" }, "geometry": { "type": "MultiPolygon", "coordinates": [ [ [ [ -85.22500004, 9.83333338 ], [ -85.20000001, 9.83333332 ], [ -85.17499996, 9.83333332 ], [ -85.14999996, 9.83333335 ], [ -85.12500003, 9.83333335 ], [ -85.09999999, 9.83333332 ], [ -85.07500002, 9.83333333 ], [ -85.05000004, 9.8333333 ], [ -85.02499996, 9.83333332 ], [ -84.99999997, 9.83333329 ], [ -84.99999996, 9.81666668 ], [ -85.00000003, 9.79999996 ], [ -85.00000001, 9.78333331 ], [ -84.99999998, 9.76666665 ], [ -85.00000004, 9.74999996 ], [ -85.0, 9.73333335 ], [ -85.00000003, 9.71666664 ], [ -84.99999997, 9.7 ], [ -85.0, 9.68333335 ], [ -85.0, 9.66666667 ], [ -85.02499998, 9.66666666 ], [ -85.05000003, 9.66666662 ], [ -85.07499998, 9.66666667 ], [ -85.10000001, 9.6666667 ], [ -85.12500003, 9.66666663 ], [ -85.15000002, 9.66666664 ], [ -85.17499999, 9.66666665 ], [ -85.20000002, 9.66666664 ], [ -85.225, 9.6666667 ], [ -85.25, 9.66666667 ], [ -85.25000002, 9.71666664 ], [ -85.24999999, 9.73333335 ], [ -85.24999995, 9.75000005 ], [ -85.25000003, 9.76666663 ], [ -85.25000003, 9.7833333 ], [ -85.24999996, 9.80000005 ], [ -85.24999999, 9.81666668 ], [ -85.25000003, 9.8333333 ], [ -85.22500004, 9.83333338 ] ] ] ] } },
{ "type": "Feature", "properties": { "objectid": 54.0, "id": 54.0, "nombre": "Cahuita", "hoja_50": "CAHUITA", "codigo_50": "3645-III" }, "geometry": { "type": "MultiPolygon", "coordinates": [ [ [ [ -82.75000004, 9.66666667 ], [ -82.775, 9.6666667 ], [ -82.79999998, 9.66666664 ], [ -82.82500001, 9.66666665 ], [ -82.84999998, 9.66666664 ], [ -82.87499997, 9.66666663 ], [ -82.89999999, 9.6666667 ], [ -82.92500002, 9.66666667 ], [ -82.94999997, 9.66666662 ], [ -82.97500002, 9.66666666 ], [ -82.99999998, 9.66666669 ], [ -83.0, 9.68333335 ], [ -83.00000003, 9.7 ], [ -82.99999997, 9.71666664 ], [ -83.0, 9.73333335 ], [ -82.99999996, 9.74999996 ], [ -83.00000002, 9.76666665 ], [ -82.99999999, 9.78333331 ], [ -82.99999997, 9.79999996 ], [ -83.00000004, 9.81666668 ], [ -83.00000003, 9.83333329 ], [ -82.97500004, 9.83333332 ], [ -82.94999996, 9.8333333 ], [ -82.92499998, 9.83333333 ], [ -82.90000001, 9.83333332 ], [ -82.75, 9.83333333 ], [ -82.75000004, 9.66666667 ] ] ] ] } },
{ "type": "Feature", "properties": { "objectid": 55.0, "id": 55.0, "nombre": "Puerto Coyote", "hoja_50": "PUERTO COYOTE", "codigo_50": "3145-III" }, "geometry": { "type": "MultiPolygon", "coordinates": [ [ [ [ -85.44999999, 9.83333336 ], [ -85.39999997, 9.83333332 ], [ -85.37500004, 9.83333338 ], [ -85.35000004, 9.8333333 ], [ -85.32499998, 9.83333336 ], [ -85.29999996, 9.83333329 ], [ -85.27499997, 9.83333335 ], [ -85.25000003, 9.8333333 ], [ -85.24999999, 9.81666668 ], [ -85.24999996, 9.80000005 ], [ -85.25000003, 9.7833333 ], [ -85.25000003, 9.76666663 ], [ -85.24999995, 9.75000005 ], [ -85.24999999, 9.73333335 ], [ -85.25000002, 9.71666664 ], [ -85.25, 9.66666667 ], [ -85.5, 9.66666667 ], [ -85.5, 9.83333333 ], [ -85.47499996, 9.83333336 ], [ -85.44999999, 9.83333336 ] ] ] ] } },
{ "type": "Feature", "properties": { "objectid": 56.0, "id": 56.0, "nombre": "Abra", "hoja_50": "ABRA", "codigo_50": "3345-I" }, "geometry": { "type": "MultiPolygon", "coordinates": [ [ [ [ -84.22499999, 10.00000002 ], [ -84.19999998, 9.99999997 ], [ -84.17500002, 10.00000004 ], [ -84.15000002, 10.00000004 ], [ -84.12499999, 9.99999997 ], [ -84.10000005, 10.00000001 ], [ -84.07499998, 9.99999998 ], [ -84.05, 9.99999997 ], [ -84.025, 9.99999998 ], [ -84.0, 10.00000002 ], [ -84.0, 9.98333334 ], [ -84.0, 9.96666662 ], [ -84.0, 9.94999999 ], [ -84.0, 9.93333335 ], [ -84.0, 9.91666667 ], [ -84.0, 9.9 ], [ -84.0, 9.8833333 ], [ -84.0, 9.86666667 ], [ -84.0, 9.85000004 ], [ -84.0, 9.83333338 ], [ -84.02500004, 9.83333336 ], [ -84.04999999, 9.8333333 ], [ -84.07500002, 9.83333329 ], [ -84.10000004, 9.83333334 ], [ -84.12500004, 9.83333334 ], [ -84.15000002, 9.8333333 ], [ -84.17499996, 9.83333332 ], [ -84.19999997, 9.8333333 ], [ -84.22500003, 9.83333332 ], [ -84.24999997, 9.83333332 ], [ -84.25000001, 9.85 ], [ -84.24999998, 9.86666667 ], [ -84.24999998, 9.88333333 ], [ -84.24999999, 9.89999997 ], [ -84.25000003, 9.91666668 ], [ -84.24999999, 9.93333338 ], [ -84.24999999, 9.94999996 ], [ -84.24999999, 9.96666663 ], [ -84.25000002, 9.98333337 ], [ -84.24999998, 9.99999999 ], [ -84.22499999, 10.00000002 ] ] ] ] } },
{ "type": "Feature", "properties": { "objectid": 57.0, "id": 57.0, "nombre": "Istarú", "hoja_50": "ISTARU", "codigo_50": "3445-IV" }, "geometry": { "type": "MultiPolygon", "coordinates": [ [ [ [ -83.74999998, 9.98333337 ], [ -83.75000001, 9.96666663 ], [ -83.75000001, 9.94999996 ], [ -83.75, 9.93333338 ], [ -83.74999997, 9.91666668 ], [ -83.75000001, 9.89999997 ], [ -83.75000002, 9.88333333 ], [ -83.75000001, 9.86666667 ], [ -83.74999999, 9.85 ], [ -83.75000003, 9.83333332 ], [ -83.77499997, 9.83333332 ], [ -83.80000002, 9.8333333 ], [ -83.82500004, 9.83333332 ], [ -83.84999998, 9.8333333 ], [ -83.87499996, 9.83333334 ], [ -83.89999996, 9.83333334 ], [ -83.92499998, 9.83333329 ], [ -83.95000001, 9.8333333 ], [ -83.97499995, 9.83333336 ], [ -84.0, 9.83333338 ], [ -84.0, 9.85000004 ], [ -84.0, 9.86666667 ], [ -84.0, 9.8833333 ], [ -84.0, 9.9 ], [ -84.0, 9.91666667 ], [ -84.0, 9.93333335 ], [ -84.0, 9.94999999 ], [ -84.0, 9.96666662 ], [ -84.0, 9.98333334 ], [ -84.0, 10.00000002 ], [ -83.975, 9.99999998 ], [ -83.95, 9.99999997 ], [ -83.92500002, 9.99999998 ], [ -83.89999995, 10.00000001 ], [ -83.87500001, 9.99999997 ], [ -83.84999998, 10.00000004 ], [ -83.82499998, 10.00000004 ], [ -83.80000002, 9.99999997 ], [ -83.775, 10.00000002 ], [ -83.75000002, 9.99999999 ], [ -83.74999998, 9.98333337 ] ] ] ] } },
{ "type": "Feature", "properties": { "objectid": 58.0, "id": 58.0, "nombre": "Río Grande", "hoja_50": "RIO GRANDE", "codigo_50": "3345-IV" }, "geometry": { "type": "MultiPolygon", "coordinates": [ [ [ [ -84.47499996, 9.99999999 ], [ -84.45, 10.0 ], [ -84.42499996, 9.99999996 ], [ -84.40000002, 10.00000002 ], [ -84.37500002, 10.0 ], [ -84.35000004, 10.00000001 ], [ -84.32499999, 9.99999996 ], [ -84.29999998, 10.0 ], [ -84.27500001, 9.99999999 ], [ -84.24999998, 9.99999999 ], [ -84.25000002, 9.98333337 ], [ -84.24999999, 9.96666663 ], [ -84.24999999, 9.94999996 ], [ -84.24999999, 9.93333338 ], [ -84.25000003, 9.91666668 ], [ -84.24999999, 9.89999997 ], [ -84.24999998, 9.88333333 ], [ -84.24999998, 9.86666667 ], [ -84.25000001, 9.85 ], [ -84.24999997, 9.83333332 ], [ -84.27500003, 9.83333335 ], [ -84.29999997, 9.83333335 ], [ -84.32500002, 9.83333331 ], [ -84.35000002, 9.83333333 ], [ -84.37499995, 9.8333333 ], [ -84.40000001, 9.83333333 ], [ -84.42499998, 9.83333331 ], [ -84.44999998, 9.83333335 ], [ -84.47499998, 9.83333335 ], [ -84.49999998, 9.8333333 ], [ -84.49999998, 9.84999999 ], [ -84.50000002, 9.86666666 ], [ -84.5, 9.88333332 ], [ -84.50000004, 9.89999996 ], [ -84.50000002, 9.91666667 ], [ -84.50000004, 9.93333337 ], [ -84.50000002, 9.94999995 ], [ -84.50000003, 9.96666662 ], [ -84.50000001, 9.98333336 ], [ -84.50000001, 9.99999999 ], [ -84.47499996, 9.99999999 ] ] ] ] } },
{ "type": "Feature", "properties": { "objectid": 59.0, "id": 59.0, "nombre": "Tucurrique", "hoja_50": "TUCURRIQUE", "codigo_50": "3445-I" }, "geometry": { "type": "MultiPolygon", "coordinates": [ [ [ [ -83.49999999, 9.98333336 ], [ -83.49999997, 9.96666662 ], [ -83.49999998, 9.94999995 ], [ -83.49999995, 9.93333337 ], [ -83.49999998, 9.91666667 ], [ -83.49999996, 9.89999996 ], [ -83.49999999, 9.88333332 ], [ -83.49999998, 9.86666666 ], [ -83.50000002, 9.84999999 ], [ -83.50000002, 9.8333333 ], [ -83.52500002, 9.83333335 ], [ -83.55000002, 9.83333335 ], [ -83.57500001, 9.83333331 ], [ -83.59999999, 9.83333333 ], [ -83.62500005, 9.8333333 ], [ -83.64999998, 9.83333333 ], [ -83.67499998, 9.83333331 ], [ -83.70000003, 9.83333335 ], [ -83.72499997, 9.83333335 ], [ -83.75000003, 9.83333332 ], [ -83.74999999, 9.85 ], [ -83.75000001, 9.86666667 ], [ -83.75000002, 9.88333333 ], [ -83.75000001, 9.89999997 ], [ -83.74999997, 9.91666668 ], [ -83.75, 9.93333338 ], [ -83.75000001, 9.94999996 ], [ -83.75000001, 9.96666663 ], [ -83.74999998, 9.98333337 ], [ -83.75000002, 9.99999999 ], [ -83.72499999, 9.99999999 ], [ -83.70000002, 10.0 ], [ -83.67500001, 9.99999996 ], [ -83.64999996, 10.00000001 ], [ -83.62499998, 10.0 ], [ -83.59999997, 10.00000002 ], [ -83.57500003, 9.99999996 ], [ -83.55, 10.0 ], [ -83.52500004, 9.99999999 ], [ -83.49999998, 9.99999999 ], [ -83.49999999, 9.98333336 ] ] ] ] } },
{ "type": "Feature", "properties": { "objectid": 60.0, "id": 60.0, "nombre": "Barranca", "hoja_50": "BARRANCA", "codigo_50": "3245-I" }, "geometry": { "type": "MultiPolygon", "coordinates": [ [ [ [ -84.72500003, 9.99999996 ], [ -84.70000003, 9.99999996 ], [ -84.67500001, 9.99999997 ], [ -84.65000003, 10.0 ], [ -84.62500004, 9.99999996 ], [ -84.60000002, 10.00000004 ], [ -84.57499999, 10.00000004 ], [ -84.55000003, 9.99999997 ], [ -84.52499998, 10.00000002 ], [ -84.50000001, 9.99999999 ], [ -84.50000001, 9.98333336 ], [ -84.50000003, 9.96666662 ], [ -84.50000002, 9.94999995 ], [ -84.50000004, 9.93333337 ], [ -84.50000002, 9.91666667 ], [ -84.50000004, 9.89999996 ], [ -84.5, 9.88333332 ], [ -84.50000002, 9.86666666 ], [ -84.49999998, 9.84999999 ], [ -84.49999998, 9.8333333 ], [ -84.52499999, 9.83333331 ], [ -84.55, 9.83333337 ], [ -84.57499999, 9.83333329 ], [ -84.59999997, 9.83333337 ], [ -84.62500004, 9.8333333 ], [ -84.64999998, 9.83333329 ], [ -84.67499999, 9.83333333 ], [ -84.69999997, 9.83333334 ], [ -84.75, 9.83333333 ], [ -84.75000004, 9.88333333 ], [ -84.75, 9.90000004 ], [ -84.75000002, 9.91666663 ], [ -84.75000002, 9.9333333 ], [ -84.74999999, 9.95000004 ], [ -84.75000001, 9.96666668 ], [ -84.75000001, 9.9833333 ], [ -84.74999999, 10.0 ], [ -84.72500003, 9.99999996 ] ] ] ] } },
{ "type": "Feature", "properties": { "objectid": 61.0, "id": 61.0, "nombre": "Barbilla", "hoja_50": "BARBILLA", "codigo_50": "3545-IV" }, "geometry": { "type": "MultiPolygon", "coordinates": [ [ [ [ -83.24999998, 9.9833333 ], [ -83.24999998, 9.96666668 ], [ -83.25000001, 9.95000004 ], [ -83.24999998, 9.9333333 ], [ -83.24999997, 9.91666663 ], [ -83.25, 9.90000004 ], [ -83.24999996, 9.88333333 ], [ -83.25000004, 9.86666671 ], [ -83.24999996, 9.84999997 ], [ -83.25, 9.83333331 ], [ -83.27499999, 9.8333333 ], [ -83.30000003, 9.83333334 ], [ -83.32500001, 9.83333333 ], [ -83.35000002, 9.83333329 ], [ -83.37499996, 9.8333333 ], [ -83.40000003, 9.83333337 ], [ -83.42500001, 9.83333329 ], [ -83.45, 9.83333337 ], [ -83.475, 9.83333331 ], [ -83.50000002, 9.8333333 ], [ -83.50000002, 9.84999999 ], [ -83.49999998, 9.86666666 ], [ -83.49999999, 9.88333332 ], [ -83.49999996, 9.89999996 ], [ -83.49999998, 9.91666667 ], [ -83.49999995, 9.93333337 ], [ -83.49999998, 9.94999995 ], [ -83.49999997, 9.96666662 ], [ -83.49999999, 9.98333336 ], [ -83.49999998, 9.99999999 ], [ -83.47500002, 10.00000002 ], [ -83.44999997, 9.99999997 ], [ -83.42500001, 10.00000004 ], [ -83.39999998, 10.00000004 ], [ -83.37499996, 9.99999996 ], [ -83.34999997, 10.0 ], [ -83.32499999, 9.99999997 ], [ -83.29999997, 9.99999996 ], [ -83.27499997, 9.99999996 ], [ -83.25000001, 10.0 ], [ -83.24999998, 9.9833333 ] ] ] ] } },
{ "type": "Feature", "properties": { "objectid": 62.0, "id": 62.0, "nombre": "Río Banano", "hoja_50": "RIO BANANO", "codigo_50": "3545-I" }, "geometry": { "type": "MultiPolygon", "coordinates": [ [ [ [ -82.99999999, 9.98333331 ], [ -83.00000003, 9.96666666 ], [ -82.99999999, 9.94999999 ], [ -83.00000004, 9.9333333 ], [ -83.0, 9.91666668 ], [ -82.99999998, 9.89999997 ], [ -83.00000005, 9.88333332 ], [ -83.00000003, 9.86666667 ], [ -83.00000002, 9.84999999 ], [ -83.00000003, 9.83333329 ], [ -83.02500001, 9.83333333 ], [ -83.05, 9.83333332 ], [ -83.07499997, 9.83333335 ], [ -83.10000001, 9.83333335 ], [ -83.12499995, 9.83333331 ], [ -83.14999996, 9.83333332 ], [ -83.17500002, 9.83333338 ], [ -83.19999996, 9.8333333 ], [ -83.22499996, 9.83333338 ], [ -83.25, 9.83333331 ], [ -83.24999996, 9.84999997 ], [ -83.25000004, 9.86666671 ], [ -83.24999996, 9.88333333 ], [ -83.25, 9.90000004 ], [ -83.24999997, 9.91666663 ], [ -83.24999998, 9.9333333 ], [ -83.25000001, 9.95000004 ], [ -83.24999998, 9.96666668 ], [ -83.24999998, 9.9833333 ], [ -83.25000001, 10.0 ], [ -83.22500001, 10.00000004 ], [ -83.19999996, 10.00000003 ], [ -83.17499997, 10.00000002 ], [ -83.15000004, 10.00000004 ], [ -83.12499998, 9.99999999 ], [ -83.09999999, 9.99999996 ], [ -83.07499998, 10.00000004 ], [ -83.05000004, 9.99999997 ], [ -83.025, 9.99999999 ], [ -82.99999996, 10.00000005 ], [ -82.99999999, 9.98333331 ] ] ] ] } },
{ "type": "Feature", "properties": { "objectid": 63.0, "id": 63.0, "nombre": "Golfo", "hoja_50": "GOLFO", "codigo_50": "3245-IV" }, "geometry": { "type": "MultiPolygon", "coordinates": [ [ [ [ -84.975, 9.99999999 ], [ -84.94999996, 9.99999997 ], [ -84.90000001, 9.99999996 ], [ -84.87500002, 9.99999999 ], [ -84.84999996, 10.00000004 ], [ -84.82500003, 10.00000002 ], [ -84.80000004, 10.00000003 ], [ -84.77499999, 10.00000004 ], [ -84.74999999, 10.0 ], [ -84.75000001, 9.9833333 ], [ -84.75000001, 9.96666668 ], [ -84.74999999, 9.95000004 ], [ -84.75000002, 9.9333333 ], [ -84.75000002, 9.91666663 ], [ -84.75, 9.90000004 ], [ -84.75000004, 9.88333333 ], [ -84.75, 9.83333333 ], [ -84.82499998, 9.83333338 ], [ -84.85000004, 9.83333332 ], [ -84.87500004, 9.83333331 ], [ -84.89999998, 9.83333335 ], [ -84.92500003, 9.83333335 ], [ -84.95, 9.83333332 ], [ -84.97499998, 9.83333333 ], [ -84.99999997, 9.83333329 ], [ -84.99999997, 9.84999999 ], [ -84.99999997, 9.86666667 ], [ -84.99999995, 9.88333332 ], [ -85.00000002, 9.89999997 ], [ -85.0, 9.91666668 ], [ -84.99999996, 9.9333333 ], [ -85.00000001, 9.94999999 ], [ -84.99999997, 9.96666666 ], [ -85.0, 9.98333331 ], [ -85.00000003, 10.00000005 ], [ -84.975, 9.99999999 ] ] ] ] } },
{ "type": "Feature", "properties": { "objectid": 64.0, "id": 64.0, "nombre": "Venado", "hoja_50": "VENADO", "codigo_50": "3145-I" }, "geometry": { "type": "MultiPolygon", "coordinates": [ [ [ [ -85.22499999, 10.00000001 ], [ -85.2, 9.99999997 ], [ -85.17499998, 10.00000003 ], [ -85.15000001, 10.00000003 ], [ -85.12500002, 10.00000004 ], [ -85.10000001, 9.99999999 ], [ -85.07499998, 10.00000004 ], [ -85.05000004, 10.00000001 ], [ -85.02499999, 10.00000002 ], [ -85.00000003, 10.00000005 ], [ -85.0, 9.98333331 ], [ -84.99999997, 9.96666666 ], [ -85.00000001, 9.94999999 ], [ -84.99999996, 9.9333333 ], [ -85.0, 9.91666668 ], [ -85.00000002, 9.89999997 ], [ -84.99999995, 9.88333332 ], [ -84.99999997, 9.86666667 ], [ -84.99999997, 9.84999999 ], [ -84.99999997, 9.83333329 ], [ -85.02499996, 9.83333332 ], [ -85.05000004, 9.8333333 ], [ -85.07500002, 9.83333333 ], [ -85.09999999, 9.83333332 ], [ -85.12500003, 9.83333335 ], [ -85.14999996, 9.83333335 ], [ -85.17499996, 9.83333332 ], [ -85.20000001, 9.83333332 ], [ -85.22500004, 9.83333338 ], [ -85.25000003, 9.8333333 ], [ -85.24999999, 9.84999999 ], [ -85.24999998, 9.86666667 ], [ -85.24999997, 9.88333333 ], [ -85.24999997, 9.89999998 ], [ -85.24999999, 9.9166667 ], [ -85.25000003, 9.93333332 ], [ -85.24999999, 9.95000001 ], [ -85.24999997, 9.96666668 ], [ -85.25000004, 9.98333334 ], [ -85.25000005, 9.99999999 ], [ -85.22499999, 10.00000001 ] ] ] ] } },
{ "type": "Feature", "properties": { "objectid": 65.0, "id": 65.0, "nombre": "San Andrés", "hoja_50": "SAN ANDRES", "codigo_50": "3645-IV" }, "geometry": { "type": "MultiPolygon", "coordinates": [ [ [ [ -82.75, 9.83333333 ], [ -82.90000001, 9.83333332 ], [ -82.92499998, 9.83333333 ], [ -82.94999996, 9.8333333 ], [ -82.97500004, 9.83333332 ], [ -83.00000003, 9.83333329 ], [ -83.00000002, 9.84999999 ], [ -83.00000003, 9.86666667 ], [ -83.00000005, 9.88333332 ], [ -82.99999998, 9.89999997 ], [ -83.0, 9.91666668 ], [ -83.00000004, 9.9333333 ], [ -82.99999999, 9.94999999 ], [ -83.00000003, 9.96666666 ], [ -82.99999999, 9.98333331 ], [ -82.99999996, 10.00000005 ], [ -82.75, 10.0 ], [ -82.75, 9.83333333 ] ] ] ] } },
{ "type": "Feature", "properties": { "objectid": 66.0, "id": 66.0, "nombre": "Cerro Azul", "hoja_50": "CERRO AZUL", "codigo_50": "3145-IV" }, "geometry": { "type": "MultiPolygon", "coordinates": [ [ [ [ -85.475, 10.00000004 ], [ -85.44999995, 9.99999999 ], [ -85.42500001, 9.99999996 ], [ -85.4, 10.00000003 ], [ -85.375, 10.00000005 ], [ -85.35000002, 9.99999997 ], [ -85.32499999, 10.00000002 ], [ -85.3, 9.99999999 ], [ -85.27499996, 9.99999998 ], [ -85.25000005, 9.99999999 ], [ -85.25000004, 9.98333334 ], [ -85.24999997, 9.96666668 ], [ -85.24999999, 9.95000001 ], [ -85.25000003, 9.93333332 ], [ -85.24999999, 9.9166667 ], [ -85.24999997, 9.89999998 ], [ -85.24999997, 9.88333333 ], [ -85.24999998, 9.86666667 ], [ -85.24999999, 9.84999999 ], [ -85.25000003, 9.8333333 ], [ -85.27499997, 9.83333335 ], [ -85.29999996, 9.83333329 ], [ -85.32499998, 9.83333336 ], [ -85.35000004, 9.8333333 ], [ -85.37500004, 9.83333338 ], [ -85.39999997, 9.83333332 ], [ -85.44999999, 9.83333336 ], [ -85.47499996, 9.83333336 ], [ -85.5, 9.83333333 ], [ -85.49999998, 9.84999999 ], [ -85.50000003, 9.86666663 ], [ -85.50000005, 9.88333337 ], [ -85.49999999, 9.89999998 ], [ -85.49999998, 9.91666668 ], [ -85.5, 9.93333336 ], [ -85.49999995, 9.95000002 ], [ -85.49999996, 9.96666667 ], [ -85.49999999, 9.98333331 ], [ -85.49999996, 10.00000002 ], [ -85.475, 10.00000004 ] ] ] ] } },
{ "type": "Feature", "properties": { "objectid": 67.0, "id": 67.0, "nombre": "Garza", "hoja_50": "GARZA", "codigo_50": "3045-I" }, "geometry": { "type": "MultiPolygon", "coordinates": [ [ [ [ -85.72499997, 9.99999999 ], [ -85.69999996, 10.00000003 ], [ -85.675, 10.0 ], [ -85.65000002, 9.99999999 ], [ -85.62500001, 9.99999999 ], [ -85.59999999, 10.00000002 ], [ -85.57500004, 9.99999997 ], [ -85.54999998, 10.00000003 ], [ -85.52500003, 10.00000001 ], [ -85.49999996, 10.00000002 ], [ -85.49999999, 9.98333331 ], [ -85.49999996, 9.96666667 ], [ -85.49999995, 9.95000002 ], [ -85.5, 9.93333336 ], [ -85.49999998, 9.91666668 ], [ -85.49999999, 9.89999998 ], [ -85.50000005, 9.88333337 ], [ -85.50000003, 9.86666663 ], [ -85.49999998, 9.84999999 ], [ -85.5, 9.83333333 ], [ -85.75, 9.83333333 ], [ -85.75000004, 9.99999995 ], [ -85.72499997, 9.99999999 ] ] ] ] } },
{ "type": "Feature", "properties": { "objectid": 68.0, "id": 68.0, "nombre": "Barva", "hoja_50": "BARVA", "codigo_50": "3346-II" }, "geometry": { "type": "MultiPolygon", "coordinates": [ [ [ [ -84.22500003, 10.16666668 ], [ -84.20000002, 10.16666671 ], [ -84.17499999, 10.16666664 ], [ -84.15000001, 10.16666665 ], [ -84.125, 10.16666665 ], [ -84.09999998, 10.16666665 ], [ -84.07500002, 10.16666663 ], [ -84.04999996, 10.1666667 ], [ -84.02499998, 10.16666667 ], [ -84.0, 10.16666662 ], [ -84.0, 10.15000001 ], [ -84.0, 10.1333333 ], [ -84.0, 10.11666665 ], [ -84.0, 10.09999999 ], [ -84.0, 10.08333331 ], [ -84.0, 10.0666667 ], [ -84.0, 10.04999999 ], [ -84.0, 10.03333335 ], [ -84.0, 10.01666669 ], [ -84.0, 10.00000002 ], [ -84.025, 9.99999998 ], [ -84.05, 9.99999997 ], [ -84.07499998, 9.99999998 ], [ -84.10000005, 10.00000001 ], [ -84.12499999, 9.99999997 ], [ -84.15000002, 10.00000004 ], [ -84.17500002, 10.00000004 ], [ -84.19999998, 9.99999997 ], [ -84.22499999, 10.00000002 ], [ -84.24999998, 9.99999999 ], [ -84.24999995, 10.0166667 ], [ -84.24999996, 10.03333329 ], [ -84.24999998, 10.04999997 ], [ -84.25000002, 10.06666671 ], [ -84.25, 10.08333335 ], [ -84.24999999, 10.09999996 ], [ -84.25000001, 10.11666666 ], [ -84.25000004, 10.13333333 ], [ -84.25, 10.15 ], [ -84.25, 10.16666664 ], [ -84.22500003, 10.16666668 ] ] ] ] } },
{ "type": "Feature", "properties": { "objectid": 69.0, "id": 69.0, "nombre": "Carrillo", "hoja_50": "CARRILLO", "codigo_50": "3446-III" }, "geometry": { "type": "MultiPolygon", "coordinates": [ [ [ [ -83.75, 10.15 ], [ -83.74999996, 10.13333333 ], [ -83.74999999, 10.11666666 ], [ -83.75000001, 10.09999996 ], [ -83.75, 10.08333335 ], [ -83.74999997, 10.06666671 ], [ -83.75000002, 10.04999997 ], [ -83.75000004, 10.03333329 ], [ -83.75000004, 10.0166667 ], [ -83.75000002, 9.99999999 ], [ -83.775, 10.00000002 ], [ -83.80000002, 9.99999997 ], [ -83.82499998, 10.00000004 ], [ -83.84999998, 10.00000004 ], [ -83.87500001, 9.99999997 ], [ -83.89999995, 10.00000001 ], [ -83.92500002, 9.99999998 ], [ -83.95, 9.99999997 ], [ -83.975, 9.99999998 ], [ -84.0, 10.00000002 ], [ -84.0, 10.01666669 ], [ -84.0, 10.03333335 ], [ -84.0, 10.04999999 ], [ -84.0, 10.0666667 ], [ -84.0, 10.08333331 ], [ -84.0, 10.09999999 ], [ -84.0, 10.11666665 ], [ -84.0, 10.1333333 ], [ -84.0, 10.15000001 ], [ -84.0, 10.16666662 ], [ -83.97500002, 10.16666667 ], [ -83.95000004, 10.1666667 ], [ -83.92499998, 10.16666663 ], [ -83.90000002, 10.16666665 ], [ -83.875, 10.16666665 ], [ -83.84999999, 10.16666665 ], [ -83.82500001, 10.16666664 ], [ -83.79999997, 10.16666671 ], [ -83.77499996, 10.16666668 ], [ -83.75, 10.16666664 ], [ -83.75, 10.15 ] ] ] ] } },
{ "type": "Feature", "properties": { "objectid": 70.0, "id": 70.0, "nombre": "Naranjo", "hoja_50": "NARANJO", "codigo_50": "3346-III" }, "geometry": { "type": "MultiPolygon", "coordinates": [ [ [ [ -84.47500002, 10.1666667 ], [ -84.44999998, 10.16666664 ], [ -84.42499995, 10.16666666 ], [ -84.40000004, 10.16666667 ], [ -84.37499995, 10.16666667 ], [ -84.34999999, 10.16666667 ], [ -84.32499996, 10.16666664 ], [ -84.29999997, 10.16666662 ], [ -84.27500001, 10.16666668 ], [ -84.25, 10.16666664 ], [ -84.25, 10.15 ], [ -84.25000004, 10.13333333 ], [ -84.25000001, 10.11666666 ], [ -84.24999999, 10.09999996 ], [ -84.25, 10.08333335 ], [ -84.25000002, 10.06666671 ], [ -84.24999998, 10.04999997 ], [ -84.24999996, 10.03333329 ], [ -84.24999995, 10.0166667 ], [ -84.24999998, 9.99999999 ], [ -84.27500001, 9.99999999 ], [ -84.29999998, 10.0 ], [ -84.32499999, 9.99999996 ], [ -84.35000004, 10.00000001 ], [ -84.37500002, 10.0 ], [ -84.40000002, 10.00000002 ], [ -84.42499996, 9.99999996 ], [ -84.45, 10.0 ], [ -84.47499996, 9.99999999 ], [ -84.50000001, 9.99999999 ], [ -84.49999998, 10.0166667 ], [ -84.49999998, 10.0333333 ], [ -84.50000002, 10.04999997 ], [ -84.50000002, 10.06666663 ], [ -84.49999997, 10.08333336 ], [ -84.49999996, 10.09999997 ], [ -84.49999999, 10.11666668 ], [ -84.49999996, 10.13333335 ], [ -84.49999999, 10.15000001 ], [ -84.49999996, 10.16666666 ], [ -84.47500002, 10.1666667 ] ] ] ] } },
{ "type": "Feature", "properties": { "objectid": 71.0, "id": 71.0, "nombre": "Bonilla", "hoja_50": "BONILLA", "codigo_50": "3446-II" }, "geometry": { "type": "MultiPolygon", "coordinates": [ [ [ [ -83.50000001, 10.15000001 ], [ -83.50000003, 10.13333335 ], [ -83.50000001, 10.11666668 ], [ -83.50000004, 10.09999997 ], [ -83.50000003, 10.08333336 ], [ -83.49999998, 10.06666663 ], [ -83.49999998, 10.04999997 ], [ -83.50000002, 10.0333333 ], [ -83.50000002, 10.0166667 ], [ -83.49999998, 9.99999999 ], [ -83.52500004, 9.99999999 ], [ -83.55, 10.0 ], [ -83.57500003, 9.99999996 ], [ -83.59999997, 10.00000002 ], [ -83.62499998, 10.0 ], [ -83.64999996, 10.00000001 ], [ -83.67500001, 9.99999996 ], [ -83.70000002, 10.0 ], [ -83.72499999, 9.99999999 ], [ -83.75000002, 9.99999999 ], [ -83.75000004, 10.0166667 ], [ -83.75000004, 10.03333329 ], [ -83.75000002, 10.04999997 ], [ -83.74999997, 10.06666671 ], [ -83.75, 10.08333335 ], [ -83.75000001, 10.09999996 ], [ -83.74999999, 10.11666666 ], [ -83.74999996, 10.13333333 ], [ -83.75, 10.15 ], [ -83.75, 10.16666664 ], [ -83.72499999, 10.16666668 ], [ -83.70000003, 10.16666662 ], [ -83.67500004, 10.16666664 ], [ -83.65000001, 10.16666667 ], [ -83.62500005, 10.16666667 ], [ -83.59999996, 10.16666667 ], [ -83.57500004, 10.16666666 ], [ -83.55000002, 10.16666664 ], [ -83.52499998, 10.1666667 ], [ -83.50000004, 10.16666666 ], [ -83.50000001, 10.15000001 ] ] ] ] } },
{ "type": "Feature", "properties": { "objectid": 72.0, "id": 72.0, "nombre": "Miramar", "hoja_50": "MIRAMAR", "codigo_50": "3246-II" }, "geometry": { "type": "MultiPolygon", "coordinates": [ [ [ [ -84.72500004, 10.16666671 ], [ -84.69999997, 10.16666665 ], [ -84.67500004, 10.16666668 ], [ -84.65, 10.16666669 ], [ -84.62500002, 10.16666669 ], [ -84.6, 10.16666668 ], [ -84.57499999, 10.16666667 ], [ -84.54999995, 10.16666665 ], [ -84.52500001, 10.16666671 ], [ -84.49999996, 10.16666666 ], [ -84.49999999, 10.15000001 ], [ -84.49999996, 10.13333335 ], [ -84.49999999, 10.11666668 ], [ -84.49999996, 10.09999997 ], [ -84.49999997, 10.08333336 ], [ -84.50000002, 10.06666663 ], [ -84.50000002, 10.04999997 ], [ -84.49999998, 10.0333333 ], [ -84.49999998, 10.0166667 ], [ -84.50000001, 9.99999999 ], [ -84.52499998, 10.00000002 ], [ -84.55000003, 9.99999997 ], [ -84.57499999, 10.00000004 ], [ -84.60000002, 10.00000004 ], [ -84.62500004, 9.99999996 ], [ -84.65000003, 10.0 ], [ -84.67500001, 9.99999997 ], [ -84.70000003, 9.99999996 ], [ -84.72500003, 9.99999996 ], [ -84.74999999, 10.0 ], [ -84.75000002, 10.01666667 ], [ -84.75000003, 10.03333334 ], [ -84.75000001, 10.04999998 ], [ -84.74999996, 10.0666667 ], [ -84.74999998, 10.08333331 ], [ -84.74999996, 10.1 ], [ -84.75000001, 10.11666667 ], [ -84.75000003, 10.13333332 ], [ -84.75000002, 10.14999996 ], [ -84.74999999, 10.16666667 ], [ -84.72500004, 10.16666671 ] ] ] ] } },
{ "type": "Feature", "properties": { "objectid": 73.0, "id": 73.0, "nombre": "Matina", "hoja_50": "MATINA", "codigo_50": "3546-III" }, "geometry": { "type": "MultiPolygon", "coordinates": [ [ [ [ -83.24999998, 10.14999996 ], [ -83.24999996, 10.13333332 ], [ -83.24999999, 10.11666667 ], [ -83.25000004, 10.1 ], [ -83.25000002, 10.08333331 ], [ -83.25000004, 10.0666667 ], [ -83.24999999, 10.04999998 ], [ -83.24999997, 10.03333334 ], [ -83.24999998, 10.01666667 ], [ -83.25000001, 10.0 ], [ -83.27499997, 9.99999996 ], [ -83.29999997, 9.99999996 ], [ -83.32499999, 9.99999997 ], [ -83.34999997, 10.0 ], [ -83.37499996, 9.99999996 ], [ -83.39999998, 10.00000004 ], [ -83.42500001, 10.00000004 ], [ -83.44999997, 9.99999997 ], [ -83.47500002, 10.00000002 ], [ -83.49999998, 9.99999999 ], [ -83.50000002, 10.0166667 ], [ -83.50000002, 10.0333333 ], [ -83.49999998, 10.04999997 ], [ -83.49999998, 10.06666663 ], [ -83.50000003, 10.08333336 ], [ -83.50000004, 10.09999997 ], [ -83.50000001, 10.11666668 ], [ -83.50000003, 10.13333335 ], [ -83.50000001, 10.15000001 ], [ -83.50000004, 10.16666666 ], [ -83.47499998, 10.16666671 ], [ -83.45000004, 10.16666665 ], [ -83.42500001, 10.16666667 ], [ -83.39999999, 10.16666668 ], [ -83.37499998, 10.16666669 ], [ -83.35, 10.16666669 ], [ -83.32499996, 10.16666668 ], [ -83.30000002, 10.16666665 ], [ -83.27499996, 10.16666671 ], [ -83.25000001, 10.16666667 ], [ -83.24999998, 10.14999996 ] ] ] ] } },
{ "type": "Feature", "properties": { "objectid": 74.0, "id": 74.0, "nombre": "Moín", "hoja_50": "MOIN", "codigo_50": "3546-II" }, "geometry": { "type": "MultiPolygon", "coordinates": [ [ [ [ -82.99999996, 10.00000005 ], [ -83.025, 9.99999999 ], [ -83.05000004, 9.99999997 ], [ -83.07499998, 10.00000004 ], [ -83.09999999, 9.99999996 ], [ -83.12499998, 9.99999999 ], [ -83.15000004, 10.00000004 ], [ -83.17499997, 10.00000002 ], [ -83.19999996, 10.00000003 ], [ -83.22500001, 10.00000004 ], [ -83.25000001, 10.0 ], [ -83.24999998, 10.01666667 ], [ -83.24999997, 10.03333334 ], [ -83.24999999, 10.04999998 ], [ -83.25000004, 10.0666667 ], [ -83.25000002, 10.08333331 ], [ -83.25000004, 10.1 ], [ -83.24999999, 10.11666667 ], [ -83.24999996, 10.13333332 ], [ -83.24999998, 10.14999996 ], [ -83.25000001, 10.16666667 ], [ -83.22500002, 10.16666671 ], [ -83.19999998, 10.16666664 ], [ -83.0, 10.16666667 ], [ -82.99999996, 10.00000005 ] ] ] ] } },
{ "type": "Feature", "properties": { "objectid": 75.0, "id": 75.0, "nombre": "Chapernal", "hoja_50": "CHAPERNAL", "codigo_50": "3246-III" }, "geometry": { "type": "MultiPolygon", "coordinates": [ [ [ [ -84.975, 10.16666666 ], [ -84.94999997, 10.16666671 ], [ -84.92500004, 10.16666664 ], [ -84.90000005, 10.16666667 ], [ -84.87499997, 10.16666667 ], [ -84.85000002, 10.16666668 ], [ -84.82499999, 10.16666667 ], [ -84.80000002, 10.16666664 ], [ -84.77499998, 10.16666671 ], [ -84.74999999, 10.16666667 ], [ -84.75000002, 10.14999996 ], [ -84.75000003, 10.13333332 ], [ -84.75000001, 10.11666667 ], [ -84.74999996, 10.1 ], [ -84.74999998, 10.08333331 ], [ -84.74999996, 10.0666667 ], [ -84.75000001, 10.04999998 ], [ -84.75000003, 10.03333334 ], [ -84.75000002, 10.01666667 ], [ -84.74999999, 10.0 ], [ -84.77499999, 10.00000004 ], [ -84.80000004, 10.00000003 ], [ -84.82500003, 10.00000002 ], [ -84.84999996, 10.00000004 ], [ -84.87500002, 9.99999999 ], [ -84.90000001, 9.99999996 ], [ -84.94999996, 9.99999997 ], [ -84.975, 9.99999999 ], [ -85.00000003, 10.00000005 ], [ -84.99999999, 10.08333335 ], [ -84.99999997, 10.09999999 ], [ -84.99999995, 10.11666669 ], [ -85.00000002, 10.13333329 ], [ -84.99999999, 10.14999997 ], [ -85.00000004, 10.16666671 ], [ -84.975, 10.16666666 ] ] ] ] } },
{ "type": "Feature", "properties": { "objectid": 76.0, "id": 76.0, "nombre": "Berrugate", "hoja_50": "BERRUGATE", "codigo_50": "3146-II" }, "geometry": { "type": "MultiPolygon", "coordinates": [ [ [ [ -85.22500004, 10.16666669 ], [ -85.19999996, 10.16666666 ], [ -85.17500002, 10.1666667 ], [ -85.14999997, 10.16666664 ], [ -85.12499999, 10.16666666 ], [ -85.09999999, 10.16666668 ], [ -85.07499996, 10.16666667 ], [ -85.05000002, 10.16666666 ], [ -85.02499998, 10.16666665 ], [ -85.00000004, 10.16666671 ], [ -84.99999999, 10.14999997 ], [ -85.00000002, 10.13333329 ], [ -84.99999995, 10.11666669 ], [ -84.99999997, 10.09999999 ], [ -84.99999999, 10.08333335 ], [ -85.00000003, 10.00000005 ], [ -85.02499999, 10.00000002 ], [ -85.05000004, 10.00000001 ], [ -85.07499998, 10.00000004 ], [ -85.10000001, 9.99999999 ], [ -85.12500002, 10.00000004 ], [ -85.15000001, 10.00000003 ], [ -85.17499998, 10.00000003 ], [ -85.2, 9.99999997 ], [ -85.22499999, 10.00000001 ], [ -85.25000005, 9.99999999 ], [ -85.24999997, 10.0166667 ], [ -85.25, 10.03333332 ], [ -85.25000004, 10.05 ], [ -85.25, 10.06666667 ], [ -85.24999998, 10.08333333 ], [ -85.24999997, 10.09999996 ], [ -85.24999998, 10.11666668 ], [ -85.25, 10.13333337 ], [ -85.25000003, 10.14999996 ], [ -85.25, 10.16666662 ], [ -85.22500004, 10.16666669 ] ] ] ] } },
{ "type": "Feature", "properties": { "objectid": 77.0, "id": 77.0, "nombre": "Mtambú", "hoja_50": "MATAMBU", "codigo_50": "3146-III" }, "geometry": { "type": "MultiPolygon", "coordinates": [ [ [ [ -85.47499996, 10.16666671 ], [ -85.45000001, 10.16666669 ], [ -85.42499996, 10.16666666 ], [ -85.40000004, 10.16666663 ], [ -85.37500004, 10.16666668 ], [ -85.34999998, 10.1666667 ], [ -85.32500003, 10.16666663 ], [ -85.30000004, 10.16666665 ], [ -85.27499999, 10.16666664 ], [ -85.25, 10.16666662 ], [ -85.25000003, 10.14999996 ], [ -85.25, 10.13333337 ], [ -85.24999998, 10.11666668 ], [ -85.24999997, 10.09999996 ], [ -85.24999998, 10.08333333 ], [ -85.25, 10.06666667 ], [ -85.25000004, 10.05 ], [ -85.25, 10.03333332 ], [ -85.24999997, 10.0166667 ], [ -85.25000005, 9.99999999 ], [ -85.27499996, 9.99999998 ], [ -85.3, 9.99999999 ], [ -85.32499999, 10.00000002 ], [ -85.35000002, 9.99999997 ], [ -85.375, 10.00000005 ], [ -85.4, 10.00000003 ], [ -85.42500001, 9.99999996 ], [ -85.44999995, 9.99999999 ], [ -85.475, 10.00000004 ], [ -85.49999996, 10.00000002 ], [ -85.49999998, 10.01666662 ], [ -85.50000003, 10.0333333 ], [ -85.50000001, 10.04999996 ], [ -85.50000004, 10.0666667 ], [ -85.50000001, 10.08333333 ], [ -85.50000001, 10.10000004 ], [ -85.49999996, 10.11666664 ], [ -85.50000004, 10.13333332 ], [ -85.49999996, 10.14999998 ], [ -85.50000002, 10.1666667 ], [ -85.47499996, 10.16666671 ] ] ] ] } },
{ "type": "Feature", "properties": { "objectid": 78.0, "id": 78.0, "nombre": "Cerro Brujo", "hoja_50": "CERRO BRUJO", "codigo_50": "3046-II" }, "geometry": { "type": "MultiPolygon", "coordinates": [ [ [ [ -85.72500001, 10.1666667 ], [ -85.69999998, 10.16666663 ], [ -85.67500002, 10.16666664 ], [ -85.65000003, 10.16666663 ], [ -85.62500001, 10.16666671 ], [ -85.59999997, 10.16666668 ], [ -85.57500002, 10.16666663 ], [ -85.54999996, 10.16666668 ], [ -85.52499999, 10.1666667 ], [ -85.50000002, 10.1666667 ], [ -85.49999996, 10.14999998 ], [ -85.50000004, 10.13333332 ], [ -85.49999996, 10.11666664 ], [ -85.50000001, 10.10000004 ], [ -85.50000001, 10.08333333 ], [ -85.50000004, 10.0666667 ], [ -85.50000001, 10.04999996 ], [ -85.50000003, 10.0333333 ], [ -85.49999998, 10.01666662 ], [ -85.49999996, 10.00000002 ], [ -85.52500003, 10.00000001 ], [ -85.54999998, 10.00000003 ], [ -85.57500004, 9.99999997 ], [ -85.59999999, 10.00000002 ], [ -85.62500001, 9.99999999 ], [ -85.65000002, 9.99999999 ], [ -85.675, 10.0 ], [ -85.69999996, 10.00000003 ], [ -85.72499997, 9.99999999 ], [ -85.75000004, 9.99999995 ], [ -85.74999997, 10.01666668 ], [ -85.75000004, 10.03333331 ], [ -85.74999999, 10.05000001 ], [ -85.74999999, 10.0666667 ], [ -85.74999996, 10.08333337 ], [ -85.74999998, 10.10000002 ], [ -85.74999997, 10.11666666 ], [ -85.75000001, 10.13333337 ], [ -85.75000002, 10.14999998 ], [ -85.74999999, 10.16666667 ], [ -85.72500001, 10.1666667 ] ] ] ] } },
{ "type": "Feature", "properties": { "objectid": 79.0, "id": 79.0, "nombre": "Marbella", "hoja_50": "MARBELLA", "codigo_50": "3046-III" }, "geometry": { "type": "MultiPolygon", "coordinates": [ [ [ [ -85.82499997, 10.16666667 ], [ -85.80000002, 10.16666665 ], [ -85.77500003, 10.16666662 ], [ -85.74999999, 10.16666667 ], [ -85.75000002, 10.14999998 ], [ -85.75000001, 10.13333337 ], [ -85.74999997, 10.11666666 ], [ -85.74999998, 10.10000002 ], [ -85.74999996, 10.08333337 ], [ -85.74999999, 10.0666667 ], [ -85.74999999, 10.05000001 ], [ -85.75000004, 10.03333331 ], [ -85.74999997, 10.01666668 ], [ -85.75000004, 9.99999995 ], [ -86.0, 10.0 ], [ -86.0, 10.16666667 ], [ -85.85000004, 10.16666667 ], [ -85.82499997, 10.16666667 ] ] ] ] } },
{ "type": "Feature", "properties": { "objectid": 80.0, "id": 80.0, "nombre": "Poás", "hoja_50": "POAS", "codigo_50": "3346-I" }, "geometry": { "type": "MultiPolygon", "coordinates": [ [ [ [ -84.22500004, 10.33333337 ], [ -84.20000003, 10.33333329 ], [ -84.17499997, 10.33333335 ], [ -84.14999998, 10.33333329 ], [ -84.12499997, 10.33333336 ], [ -84.10000002, 10.33333331 ], [ -84.07499996, 10.33333331 ], [ -84.04999998, 10.33333336 ], [ -84.025, 10.33333329 ], [ -84.0, 10.33333335 ], [ -84.0, 10.31666664 ], [ -84.0, 10.3 ], [ -84.0, 10.28333334 ], [ -84.0, 10.26666667 ], [ -84.0, 10.24999997 ], [ -84.0, 10.23333336 ], [ -84.0, 10.21666663 ], [ -84.0, 10.19999998 ], [ -84.0, 10.18333331 ], [ -84.0, 10.16666662 ], [ -84.02499998, 10.16666667 ], [ -84.04999996, 10.1666667 ], [ -84.07500002, 10.16666663 ], [ -84.09999998, 10.16666665 ], [ -84.125, 10.16666665 ], [ -84.15000001, 10.16666665 ], [ -84.17499999, 10.16666664 ], [ -84.20000002, 10.16666671 ], [ -84.22500003, 10.16666668 ], [ -84.25, 10.16666664 ], [ -84.25, 10.18333335 ], [ -84.25000003, 10.19999997 ], [ -84.24999999, 10.21666665 ], [ -84.24999997, 10.23333331 ], [ -84.24999997, 10.24999996 ], [ -84.24999999, 10.26666668 ], [ -84.25000003, 10.2833333 ], [ -84.25000001, 10.29999998 ], [ -84.25, 10.31666666 ], [ -84.25000001, 10.33333331 ], [ -84.22500004, 10.33333337 ] ] ] ] } },
{ "type": "Feature", "properties": { "objectid": 81.0, "id": 81.0, "nombre": "Guápiles", "hoja_50": "GUAPILES", "codigo_50": "3446-IV" }, "geometry": { "type": "MultiPolygon", "coordinates": [ [ [ [ -83.75, 10.31666666 ], [ -83.74999999, 10.29999998 ], [ -83.74999996, 10.2833333 ], [ -83.75000001, 10.26666668 ], [ -83.75000003, 10.24999996 ], [ -83.75000003, 10.23333331 ], [ -83.75000001, 10.21666665 ], [ -83.74999997, 10.19999997 ], [ -83.75, 10.18333335 ], [ -83.75, 10.16666664 ], [ -83.77499996, 10.16666668 ], [ -83.79999997, 10.16666671 ], [ -83.82500001, 10.16666664 ], [ -83.84999999, 10.16666665 ], [ -83.875, 10.16666665 ], [ -83.90000002, 10.16666665 ], [ -83.92499998, 10.16666663 ], [ -83.95000004, 10.1666667 ], [ -83.97500002, 10.16666667 ], [ -84.0, 10.16666662 ], [ -84.0, 10.18333331 ], [ -84.0, 10.19999998 ], [ -84.0, 10.21666663 ], [ -84.0, 10.23333336 ], [ -84.0, 10.24999997 ], [ -84.0, 10.26666667 ], [ -84.0, 10.28333334 ], [ -84.0, 10.3 ], [ -84.0, 10.31666664 ], [ -84.0, 10.33333335 ], [ -83.975, 10.33333329 ], [ -83.95000002, 10.33333336 ], [ -83.92500004, 10.33333331 ], [ -83.89999998, 10.33333331 ], [ -83.87500003, 10.33333336 ], [ -83.85000002, 10.33333329 ], [ -83.82500003, 10.33333335 ], [ -83.79999997, 10.33333329 ], [ -83.77499996, 10.33333337 ], [ -83.74999999, 10.33333331 ], [ -83.75, 10.31666666 ] ] ] ] } },
{ "type": "Feature", "properties": { "objectid": 82.0, "id": 82.0, "nombre": "Quesada", "hoja_50": "QUESADA", "codigo_50": "3346-IV" }, "geometry": { "type": "MultiPolygon", "coordinates": [ [ [ [ -84.47499996, 10.33333336 ], [ -84.45000001, 10.33333331 ], [ -84.42499997, 10.33333331 ], [ -84.40000004, 10.33333336 ], [ -84.37500003, 10.33333337 ], [ -84.34999996, 10.33333335 ], [ -84.32500001, 10.33333338 ], [ -84.30000001, 10.33333337 ], [ -84.27500003, 10.33333331 ], [ -84.25000001, 10.33333331 ], [ -84.25, 10.31666666 ], [ -84.25000001, 10.29999998 ], [ -84.25000003, 10.2833333 ], [ -84.24999999, 10.26666668 ], [ -84.24999997, 10.24999996 ], [ -84.24999997, 10.23333331 ], [ -84.24999999, 10.21666665 ], [ -84.25000003, 10.19999997 ], [ -84.25, 10.18333335 ], [ -84.25, 10.16666664 ], [ -84.27500001, 10.16666668 ], [ -84.29999997, 10.16666662 ], [ -84.32499996, 10.16666664 ], [ -84.34999999, 10.16666667 ], [ -84.37499995, 10.16666667 ], [ -84.40000004, 10.16666667 ], [ -84.42499995, 10.16666666 ], [ -84.44999998, 10.16666664 ], [ -84.47500002, 10.1666667 ], [ -84.49999996, 10.16666666 ], [ -84.49999998, 10.18333329 ], [ -84.50000004, 10.2 ], [ -84.49999996, 10.21666668 ], [ -84.50000001, 10.23333335 ], [ -84.50000001, 10.25 ], [ -84.49999997, 10.26666664 ], [ -84.49999996, 10.28333334 ], [ -84.5, 10.30000003 ], [ -84.49999999, 10.31666671 ], [ -84.50000002, 10.33333337 ], [ -84.47499996, 10.33333336 ] ] ] ] } },
{ "type": "Feature", "properties": { "objectid": 83.0, "id": 83.0, "nombre": "Guácimo", "hoja_50": "GUACIMO", "codigo_50": "3446-I" }, "geometry": { "type": "MultiPolygon", "coordinates": [ [ [ [ -83.50000001, 10.31666671 ], [ -83.5, 10.30000003 ], [ -83.50000004, 10.28333334 ], [ -83.50000003, 10.26666664 ], [ -83.49999999, 10.25 ], [ -83.49999999, 10.23333335 ], [ -83.50000003, 10.21666668 ], [ -83.49999995, 10.2 ], [ -83.50000002, 10.18333329 ], [ -83.50000004, 10.16666666 ], [ -83.52499998, 10.1666667 ], [ -83.55000002, 10.16666664 ], [ -83.57500004, 10.16666666 ], [ -83.59999996, 10.16666667 ], [ -83.62500005, 10.16666667 ], [ -83.65000001, 10.16666667 ], [ -83.67500004, 10.16666664 ], [ -83.70000003, 10.16666662 ], [ -83.72499999, 10.16666668 ], [ -83.75, 10.16666664 ], [ -83.75, 10.18333335 ], [ -83.74999997, 10.19999997 ], [ -83.75000001, 10.21666665 ], [ -83.75000003, 10.23333331 ], [ -83.75000003, 10.24999996 ], [ -83.75000001, 10.26666668 ], [ -83.74999996, 10.2833333 ], [ -83.74999999, 10.29999998 ], [ -83.75, 10.31666666 ], [ -83.74999999, 10.33333331 ], [ -83.72499996, 10.33333331 ], [ -83.69999999, 10.33333337 ], [ -83.67499999, 10.33333338 ], [ -83.65000003, 10.33333335 ], [ -83.62499997, 10.33333337 ], [ -83.59999996, 10.33333336 ], [ -83.57500003, 10.33333331 ], [ -83.54999999, 10.33333331 ], [ -83.52500004, 10.33333336 ], [ -83.49999998, 10.33333337 ], [ -83.50000001, 10.31666671 ] ] ] ] } },
{ "type": "Feature", "properties": { "objectid": 84.0, "id": 84.0, "nombre": "San Lorenzo", "hoja_50": "SAN LORENZO", "codigo_50": "3246-I" }, "geometry": { "type": "MultiPolygon", "coordinates": [ [ [ [ -84.72500004, 10.33333332 ], [ -84.70000005, 10.3333333 ], [ -84.67500001, 10.33333334 ], [ -84.65000004, 10.33333334 ], [ -84.62500004, 10.33333338 ], [ -84.60000003, 10.33333329 ], [ -84.57499999, 10.33333335 ], [ -84.55000003, 10.33333336 ], [ -84.52499998, 10.33333334 ], [ -84.50000002, 10.33333337 ], [ -84.49999999, 10.31666671 ], [ -84.5, 10.30000003 ], [ -84.49999996, 10.28333334 ], [ -84.49999997, 10.26666664 ], [ -84.50000001, 10.25 ], [ -84.50000001, 10.23333335 ], [ -84.49999996, 10.21666668 ], [ -84.50000004, 10.2 ], [ -84.49999998, 10.18333329 ], [ -84.49999996, 10.16666666 ], [ -84.52500001, 10.16666671 ], [ -84.54999995, 10.16666665 ], [ -84.57499999, 10.16666667 ], [ -84.6, 10.16666668 ], [ -84.62500002, 10.16666669 ], [ -84.65, 10.16666669 ], [ -84.67500004, 10.16666668 ], [ -84.69999997, 10.16666665 ], [ -84.72500004, 10.16666671 ], [ -84.74999999, 10.16666667 ], [ -84.75000002, 10.18333336 ], [ -84.75000002, 10.20000004 ], [ -84.74999999, 10.2166667 ], [ -84.75000002, 10.23333335 ], [ -84.75000003, 10.24999997 ], [ -84.75000001, 10.26666668 ], [ -84.74999996, 10.28333335 ], [ -84.74999997, 10.30000002 ], [ -84.74999995, 10.31666667 ], [ -84.75, 10.33333331 ], [ -84.72500004, 10.33333332 ] ] ] ] } },
{ "type": "Feature", "properties": { "objectid": 85.0, "id": 85.0, "nombre": "Parismina", "hoja_50": "PARISMINA", "codigo_50": "3546-IV" }, "geometry": { "type": "MultiPolygon", "coordinates": [ [ [ [ -83.24999998, 10.20000004 ], [ -83.22500004, 10.19999999 ], [ -83.22499997, 10.18333331 ], [ -83.22500002, 10.16666671 ], [ -83.25000001, 10.16666667 ], [ -83.27499996, 10.16666671 ], [ -83.30000002, 10.16666665 ], [ -83.32499996, 10.16666668 ], [ -83.35, 10.16666669 ], [ -83.37499998, 10.16666669 ], [ -83.39999999, 10.16666668 ], [ -83.42500001, 10.16666667 ], [ -83.45000004, 10.16666665 ], [ -83.47499998, 10.16666671 ], [ -83.50000004, 10.16666666 ], [ -83.50000002, 10.18333329 ], [ -83.49999995, 10.2 ], [ -83.50000003, 10.21666668 ], [ -83.49999999, 10.23333335 ], [ -83.49999999, 10.25 ], [ -83.50000003, 10.26666664 ], [ -83.50000004, 10.28333334 ], [ -83.5, 10.30000003 ], [ -83.50000001, 10.31666671 ], [ -83.49999998, 10.33333337 ], [ -83.47500002, 10.33333334 ], [ -83.44999997, 10.33333336 ], [ -83.42500001, 10.33333335 ], [ -83.39999997, 10.33333329 ], [ -83.37499996, 10.33333338 ], [ -83.34999996, 10.33333334 ], [ -83.25, 10.33333333 ], [ -83.25000001, 10.2166667 ], [ -83.24999998, 10.20000004 ] ] ] ] } },
{ "type": "Feature", "properties": { "objectid": 86.0, "id": 86.0, "nombre": "Juntas", "hoja_50": "JUNTAS", "codigo_50": "3246-IV" }, "geometry": { "type": "MultiPolygon", "coordinates": [ [ [ [ -84.975, 10.33333332 ], [ -84.95000004, 10.33333335 ], [ -84.925, 10.33333332 ], [ -84.89999998, 10.33333334 ], [ -84.87499998, 10.33333334 ], [ -84.85, 10.33333337 ], [ -84.82499998, 10.33333337 ], [ -84.79999998, 10.33333333 ], [ -84.77500001, 10.33333334 ], [ -84.75, 10.33333331 ], [ -84.74999995, 10.31666667 ], [ -84.74999997, 10.30000002 ], [ -84.74999996, 10.28333335 ], [ -84.75000001, 10.26666668 ], [ -84.75000003, 10.24999997 ], [ -84.75000002, 10.23333335 ], [ -84.74999999, 10.2166667 ], [ -84.75000002, 10.20000004 ], [ -84.75000002, 10.18333336 ], [ -84.74999999, 10.16666667 ], [ -84.77499998, 10.16666671 ], [ -84.80000002, 10.16666664 ], [ -84.82499999, 10.16666667 ], [ -84.85000002, 10.16666668 ], [ -84.87499997, 10.16666667 ], [ -84.90000005, 10.16666667 ], [ -84.92500004, 10.16666664 ], [ -84.94999997, 10.16666671 ], [ -84.975, 10.16666666 ], [ -85.00000004, 10.16666671 ], [ -84.99999999, 10.18333334 ], [ -85.00000002, 10.19999997 ], [ -84.99999996, 10.21666667 ], [ -84.99999998, 10.23333335 ], [ -84.99999999, 10.25000001 ], [ -85.0, 10.26666666 ], [ -85.0, 10.2833333 ], [ -85.0, 10.3 ], [ -84.99999998, 10.31666669 ], [ -84.99999996, 10.33333336 ], [ -84.975, 10.33333332 ] ] ] ] } },
{ "type": "Feature", "properties": { "objectid": 87.0, "id": 87.0, "nombre": "Abangares", "hoja_50": "ABANGARES", "codigo_50": "3146-I" }, "geometry": { "type": "MultiPolygon", "coordinates": [ [ [ [ -85.22499998, 10.33333329 ], [ -85.19999997, 10.33333336 ], [ -85.17500001, 10.33333337 ], [ -85.15000003, 10.33333335 ], [ -85.12500002, 10.33333337 ], [ -85.09999999, 10.33333336 ], [ -85.07500004, 10.33333331 ], [ -85.04999999, 10.33333331 ], [ -85.02500001, 10.33333335 ], [ -84.99999996, 10.33333336 ], [ -84.99999998, 10.31666669 ], [ -85.0, 10.3 ], [ -85.0, 10.2833333 ], [ -85.0, 10.26666666 ], [ -84.99999999, 10.25000001 ], [ -84.99999998, 10.23333335 ], [ -84.99999996, 10.21666667 ], [ -85.00000002, 10.19999997 ], [ -84.99999999, 10.18333334 ], [ -85.00000004, 10.16666671 ], [ -85.02499998, 10.16666665 ], [ -85.05000002, 10.16666666 ], [ -85.07499996, 10.16666667 ], [ -85.09999999, 10.16666668 ], [ -85.12499999, 10.16666666 ], [ -85.14999997, 10.16666664 ], [ -85.17500002, 10.1666667 ], [ -85.19999996, 10.16666666 ], [ -85.22500004, 10.16666669 ], [ -85.25, 10.16666662 ], [ -85.24999996, 10.18333336 ], [ -85.25000004, 10.2 ], [ -85.25000004, 10.2166667 ], [ -85.24999997, 10.2333333 ], [ -85.24999999, 10.24999998 ], [ -85.25000003, 10.26666664 ], [ -85.24999999, 10.28333336 ], [ -85.24999997, 10.29999999 ], [ -85.24999996, 10.31666669 ], [ -85.24999996, 10.33333337 ], [ -85.22499998, 10.33333329 ] ] ] ] } },
{ "type": "Feature", "properties": { "objectid": 88.0, "id": 88.0, "nombre": "Talolinga", "hoja_50": "TALOLINGA", "codigo_50": "3146-IV" }, "geometry": { "type": "MultiPolygon", "coordinates": [ [ [ [ -85.47500002, 10.33333333 ], [ -85.45000002, 10.33333335 ], [ -85.42500005, 10.33333333 ], [ -85.39999999, 10.33333335 ], [ -85.37499997, 10.33333334 ], [ -85.34999997, 10.33333337 ], [ -85.325, 10.33333337 ], [ -85.29999998, 10.33333332 ], [ -85.275, 10.33333333 ], [ -85.24999996, 10.33333337 ], [ -85.24999996, 10.31666669 ], [ -85.24999997, 10.29999999 ], [ -85.24999999, 10.28333336 ], [ -85.25000003, 10.26666664 ], [ -85.24999999, 10.24999998 ], [ -85.24999997, 10.2333333 ], [ -85.25000004, 10.2166667 ], [ -85.25000004, 10.2 ], [ -85.24999996, 10.18333336 ], [ -85.25, 10.16666662 ], [ -85.27499999, 10.16666664 ], [ -85.30000004, 10.16666665 ], [ -85.32500003, 10.16666663 ], [ -85.34999998, 10.1666667 ], [ -85.37500004, 10.16666668 ], [ -85.40000004, 10.16666663 ], [ -85.42499996, 10.16666666 ], [ -85.45000001, 10.16666669 ], [ -85.47499996, 10.16666671 ], [ -85.50000002, 10.1666667 ], [ -85.50000001, 10.18333333 ], [ -85.49999996, 10.20000004 ], [ -85.50000002, 10.21666663 ], [ -85.50000003, 10.2333333 ], [ -85.49999998, 10.24999996 ], [ -85.49999998, 10.26666669 ], [ -85.5, 10.28333331 ], [ -85.49999997, 10.30000001 ], [ -85.49999998, 10.31666669 ], [ -85.50000001, 10.33333336 ], [ -85.47500002, 10.33333333 ] ] ] ] } },
{ "type": "Feature", "properties": { "objectid": 89.0, "id": 89.0, "nombre": "Diriá", "hoja_50": "DIRIA", "codigo_50": "3046-I" }, "geometry": { "type": "MultiPolygon", "coordinates": [ [ [ [ -85.72499996, 10.33333333 ], [ -85.69999999, 10.33333333 ], [ -85.67499998, 10.33333336 ], [ -85.65000004, 10.33333336 ], [ -85.62499999, 10.33333331 ], [ -85.60000001, 10.33333331 ], [ -85.57500002, 10.33333336 ], [ -85.55000002, 10.33333337 ], [ -85.52500001, 10.33333334 ], [ -85.50000001, 10.33333336 ], [ -85.49999998, 10.31666669 ], [ -85.49999997, 10.30000001 ], [ -85.5, 10.28333331 ], [ -85.49999998, 10.26666669 ], [ -85.49999998, 10.24999996 ], [ -85.50000003, 10.2333333 ], [ -85.50000002, 10.21666663 ], [ -85.49999996, 10.20000004 ], [ -85.50000001, 10.18333333 ], [ -85.50000002, 10.1666667 ], [ -85.52499999, 10.1666667 ], [ -85.54999996, 10.16666668 ], [ -85.57500002, 10.16666663 ], [ -85.59999997, 10.16666668 ], [ -85.62500001, 10.16666671 ], [ -85.65000003, 10.16666663 ], [ -85.67500002, 10.16666664 ], [ -85.69999998, 10.16666663 ], [ -85.72500001, 10.1666667 ], [ -85.74999999, 10.16666667 ], [ -85.75000003, 10.18333334 ], [ -85.75000002, 10.19999999 ], [ -85.74999997, 10.21666663 ], [ -85.75, 10.23333334 ], [ -85.74999998, 10.25000004 ], [ -85.75000001, 10.26666663 ], [ -85.75000001, 10.2833333 ], [ -85.74999998, 10.30000004 ], [ -85.75, 10.31666668 ], [ -85.74999998, 10.33333329 ], [ -85.72499996, 10.33333333 ] ] ] ] } },
{ "type": "Feature", "properties": { "objectid": 90.0, "id": 90.0, "nombre": "Villarreal", "hoja_50": "VILLARREAL", "codigo_50": "3046-IV" }, "geometry": { "type": "MultiPolygon", "coordinates": [ [ [ [ -85.87499999, 10.33333337 ], [ -85.85000001, 10.33333335 ], [ -85.82499999, 10.33333329 ], [ -85.80000001, 10.33333336 ], [ -85.77499998, 10.33333331 ], [ -85.74999998, 10.33333329 ], [ -85.75, 10.31666668 ], [ -85.74999998, 10.30000004 ], [ -85.75000001, 10.2833333 ], [ -85.75000001, 10.26666663 ], [ -85.74999998, 10.25000004 ], [ -85.75, 10.23333334 ], [ -85.74999997, 10.21666663 ], [ -85.75000002, 10.19999999 ], [ -85.75000003, 10.18333334 ], [ -85.74999999, 10.16666667 ], [ -85.77500003, 10.16666662 ], [ -85.80000002, 10.16666665 ], [ -85.82499997, 10.16666667 ], [ -85.85000004, 10.16666667 ], [ -86.0, 10.16666667 ], [ -86.0, 10.33333333 ], [ -85.89999998, 10.33333335 ], [ -85.87499999, 10.33333337 ] ] ] ] } },
{ "type": "Feature", "properties": { "objectid": 91.0, "id": 91.0, "nombre": "Rí­o Cuarto", "hoja_50": "RIO CUARTO", "codigo_50": "3347-II" }, "geometry": { "type": "MultiPolygon", "coordinates": [ [ [ [ -84.22500002, 10.49999996 ], [ -84.19999996, 10.49999996 ], [ -84.17499998, 10.49999997 ], [ -84.15000003, 10.50000001 ], [ -84.12499997, 10.49999998 ], [ -84.09999999, 10.49999997 ], [ -84.07499998, 10.49999999 ], [ -84.04999997, 10.50000003 ], [ -84.02500003, 10.49999999 ], [ -84.0, 10.49999998 ], [ -84.0, 10.48333335 ], [ -84.0, 10.4666667 ], [ -84.0, 10.45000004 ], [ -84.0, 10.43333336 ], [ -84.0, 10.41666666 ], [ -84.0, 10.40000003 ], [ -84.0, 10.3833333 ], [ -84.0, 10.36666664 ], [ -84.0, 10.34999996 ], [ -84.0, 10.33333335 ], [ -84.025, 10.33333329 ], [ -84.04999998, 10.33333336 ], [ -84.07499996, 10.33333331 ], [ -84.10000002, 10.33333331 ], [ -84.12499997, 10.33333336 ], [ -84.14999998, 10.33333329 ], [ -84.17499997, 10.33333335 ], [ -84.20000003, 10.33333329 ], [ -84.22500004, 10.33333337 ], [ -84.25000001, 10.33333331 ], [ -84.24999996, 10.35000004 ], [ -84.25000002, 10.36666666 ], [ -84.25, 10.38333335 ], [ -84.25000001, 10.40000002 ], [ -84.25000004, 10.41666668 ], [ -84.24999999, 10.43333333 ], [ -84.24999997, 10.45000004 ], [ -84.24999997, 10.46666665 ], [ -84.25, 10.48333332 ], [ -84.25000004, 10.49999999 ], [ -84.22500002, 10.49999996 ] ] ] ] } },
{ "type": "Feature", "properties": { "objectid": 92.0, "id": 92.0, "nombre": "Rí­o Sucio", "hoja_50": "RIO SUCIO", "codigo_50": "3447-III" }, "geometry": { "type": "MultiPolygon", "coordinates": [ [ [ [ -83.75, 10.48333332 ], [ -83.75000003, 10.46666665 ], [ -83.75000003, 10.45000004 ], [ -83.75000001, 10.43333333 ], [ -83.74999996, 10.41666668 ], [ -83.74999999, 10.40000002 ], [ -83.75, 10.38333335 ], [ -83.74999998, 10.36666666 ], [ -83.75000004, 10.35000004 ], [ -83.74999999, 10.33333331 ], [ -83.77499996, 10.33333337 ], [ -83.79999997, 10.33333329 ], [ -83.82500003, 10.33333335 ], [ -83.85000002, 10.33333329 ], [ -83.87500003, 10.33333336 ], [ -83.89999998, 10.33333331 ], [ -83.92500004, 10.33333331 ], [ -83.95000002, 10.33333336 ], [ -83.975, 10.33333329 ], [ -84.0, 10.33333335 ], [ -84.0, 10.34999996 ], [ -84.0, 10.36666664 ], [ -84.0, 10.3833333 ], [ -84.0, 10.40000003 ], [ -84.0, 10.41666666 ], [ -84.0, 10.43333336 ], [ -84.0, 10.45000004 ], [ -84.0, 10.4666667 ], [ -84.0, 10.48333335 ], [ -84.0, 10.49999998 ], [ -83.97499996, 10.49999999 ], [ -83.95000003, 10.50000003 ], [ -83.92500002, 10.49999999 ], [ -83.90000001, 10.49999997 ], [ -83.87500002, 10.49999998 ], [ -83.84999997, 10.50000001 ], [ -83.82500002, 10.49999997 ], [ -83.80000003, 10.49999996 ], [ -83.77499998, 10.49999996 ], [ -83.74999996, 10.49999999 ], [ -83.75, 10.48333332 ] ] ] ] } },
{ "type": "Feature", "properties": { "objectid": 94.0, "id": 94.0, "nombre": "Agua Frí­a", "hoja_50": "AGUA FRIA", "codigo_50": "3447-II" }, "geometry": { "type": "MultiPolygon", "coordinates": [ [ [ [ -83.50000001, 10.48333333 ], [ -83.49999996, 10.46666664 ], [ -83.49999997, 10.45000003 ], [ -83.50000001, 10.43333331 ], [ -83.50000002, 10.41666667 ], [ -83.49999999, 10.4 ], [ -83.5, 10.38333333 ], [ -83.49999997, 10.36666663 ], [ -83.5, 10.35 ], [ -83.49999998, 10.33333337 ], [ -83.52500004, 10.33333336 ], [ -83.54999999, 10.33333331 ], [ -83.57500003, 10.33333331 ], [ -83.59999996, 10.33333336 ], [ -83.62499997, 10.33333337 ], [ -83.65000003, 10.33333335 ], [ -83.67499999, 10.33333338 ], [ -83.69999999, 10.33333337 ], [ -83.72499996, 10.33333331 ], [ -83.74999999, 10.33333331 ], [ -83.75000004, 10.35000004 ], [ -83.74999998, 10.36666666 ], [ -83.75, 10.38333335 ], [ -83.74999999, 10.40000002 ], [ -83.74999996, 10.41666668 ], [ -83.75000001, 10.43333333 ], [ -83.75000003, 10.45000004 ], [ -83.75000003, 10.46666665 ], [ -83.75, 10.48333332 ], [ -83.74999996, 10.49999999 ], [ -83.72499999, 10.50000003 ], [ -83.69999999, 10.50000002 ], [ -83.67500002, 10.50000002 ], [ -83.65000003, 10.50000004 ], [ -83.62500002, 10.49999999 ], [ -83.59999998, 10.49999997 ], [ -83.57500001, 10.49999996 ], [ -83.55000001, 10.49999999 ], [ -83.52500002, 10.50000002 ], [ -83.50000002, 10.5 ], [ -83.50000001, 10.48333333 ] ] ] ] } },
{ "type": "Feature", "properties": { "objectid": 96.0, "id": 96.0, "nombre": "California", "hoja_50": "CALIFORNIA", "codigo_50": "3547-III" }, "geometry": { "type": "MultiPolygon", "coordinates": [ [ [ [ -83.25, 10.33333333 ], [ -83.34999996, 10.33333334 ], [ -83.37499996, 10.33333338 ], [ -83.39999997, 10.33333329 ], [ -83.42500001, 10.33333335 ], [ -83.44999997, 10.33333336 ], [ -83.47500002, 10.33333334 ], [ -83.49999998, 10.33333337 ], [ -83.5, 10.35 ], [ -83.49999997, 10.36666663 ], [ -83.5, 10.38333333 ], [ -83.49999999, 10.4 ], [ -83.50000002, 10.41666667 ], [ -83.50000001, 10.43333331 ], [ -83.49999997, 10.45000003 ], [ -83.49999996, 10.46666664 ], [ -83.50000001, 10.48333333 ], [ -83.50000002, 10.5 ], [ -83.47500001, 10.49999998 ], [ -83.45000001, 10.5 ], [ -83.25, 10.5 ], [ -83.25, 10.33333333 ] ] ] ] } },
{ "type": "Feature", "properties": { "objectid": 97.0, "id": 97.0, "nombre": "Tilarán", "hoja_50": "TILARAN", "codigo_50": "3247-III" }, "geometry": { "type": "MultiPolygon", "coordinates": [ [ [ [ -84.97499997, 10.50000004 ], [ -84.94999997, 10.50000002 ], [ -84.92499997, 10.50000004 ], [ -84.9, 10.49999998 ], [ -84.87499996, 10.50000003 ], [ -84.85000003, 10.50000002 ], [ -84.82500003, 10.50000002 ], [ -84.79999999, 10.49999996 ], [ -84.77499999, 10.5 ], [ -84.75000003, 10.49999998 ], [ -84.74999999, 10.48333333 ], [ -84.75000001, 10.46666667 ], [ -84.75, 10.44999999 ], [ -84.74999997, 10.43333329 ], [ -84.75000001, 10.41666668 ], [ -84.75, 10.40000003 ], [ -84.74999997, 10.38333328 ], [ -84.75000001, 10.36666671 ], [ -84.75000003, 10.35000002 ], [ -84.75, 10.33333331 ], [ -84.77500001, 10.33333334 ], [ -84.79999998, 10.33333333 ], [ -84.82499998, 10.33333337 ], [ -84.85, 10.33333337 ], [ -84.87499998, 10.33333334 ], [ -84.89999998, 10.33333334 ], [ -84.925, 10.33333332 ], [ -84.95000004, 10.33333335 ], [ -84.975, 10.33333332 ], [ -84.99999996, 10.33333336 ], [ -85.00000002, 10.35000002 ], [ -84.99999999, 10.36666665 ], [ -85.00000004, 10.38333337 ], [ -84.99999999, 10.39999997 ], [ -85.00000002, 10.41666665 ], [ -85.00000004, 10.43333332 ], [ -84.99999997, 10.44999996 ], [ -84.99999998, 10.46666668 ], [ -84.99999999, 10.48333329 ], [ -84.99999999, 10.49999998 ], [ -84.97499997, 10.50000004 ] ] ] ] } },
{ "type": "Feature", "properties": { "objectid": 98.0, "id": 98.0, "nombre": "Cañas", "hoja_50": "CAÑAS", "codigo_50": "3147-II" }, "geometry": { "type": "MultiPolygon", "coordinates": [ [ [ [ -85.22500002, 10.49999997 ], [ -85.20000004, 10.50000003 ], [ -85.17500003, 10.50000002 ], [ -85.14999999, 10.50000003 ], [ -85.12500003, 10.49999998 ], [ -85.10000004, 10.50000003 ], [ -85.07500003, 10.50000001 ], [ -85.05000003, 10.5 ], [ -85.025, 10.50000002 ], [ -84.99999999, 10.49999998 ], [ -84.99999999, 10.48333329 ], [ -84.99999998, 10.46666668 ], [ -84.99999997, 10.44999996 ], [ -85.00000004, 10.43333332 ], [ -85.00000002, 10.41666665 ], [ -84.99999999, 10.39999997 ], [ -85.00000004, 10.38333337 ], [ -84.99999999, 10.36666665 ], [ -85.00000002, 10.35000002 ], [ -84.99999996, 10.33333336 ], [ -85.02500001, 10.33333335 ], [ -85.04999999, 10.33333331 ], [ -85.07500004, 10.33333331 ], [ -85.09999999, 10.33333336 ], [ -85.12500002, 10.33333337 ], [ -85.15000003, 10.33333335 ], [ -85.17500001, 10.33333337 ], [ -85.19999997, 10.33333336 ], [ -85.22499998, 10.33333329 ], [ -85.24999996, 10.33333337 ], [ -85.24999999, 10.35000004 ], [ -85.25000002, 10.36666669 ], [ -85.24999997, 10.38333332 ], [ -85.25000003, 10.40000003 ], [ -85.25000001, 10.41666663 ], [ -85.25000001, 10.4333333 ], [ -85.25000003, 10.44999996 ], [ -85.24999996, 10.4666667 ], [ -85.24999999, 10.48333332 ], [ -85.24999995, 10.50000002 ], [ -85.22500002, 10.49999997 ] ] ] ] } },
{ "type": "Feature", "properties": { "objectid": 99.0, "id": 99.0, "nombre": "Tempisque", "hoja_50": "TEMPISQUE", "codigo_50": "3147-III" }, "geometry": { "type": "MultiPolygon", "coordinates": [ [ [ [ -85.47499997, 10.49999997 ], [ -85.45000001, 10.50000002 ], [ -85.42499997, 10.49999999 ], [ -85.39999996, 10.5 ], [ -85.37499996, 10.50000001 ], [ -85.35, 10.49999996 ], [ -85.32499997, 10.50000001 ], [ -85.29999999, 10.5 ], [ -85.27500004, 10.49999999 ], [ -85.24999995, 10.50000002 ], [ -85.24999999, 10.48333332 ], [ -85.24999996, 10.4666667 ], [ -85.25000003, 10.44999996 ], [ -85.25000001, 10.4333333 ], [ -85.25000001, 10.41666663 ], [ -85.25000003, 10.40000003 ], [ -85.24999997, 10.38333332 ], [ -85.25000002, 10.36666669 ], [ -85.24999999, 10.35000004 ], [ -85.24999996, 10.33333337 ], [ -85.275, 10.33333333 ], [ -85.29999998, 10.33333332 ], [ -85.325, 10.33333337 ], [ -85.34999997, 10.33333337 ], [ -85.37499997, 10.33333334 ], [ -85.39999999, 10.33333335 ], [ -85.42500005, 10.33333333 ], [ -85.45000002, 10.33333335 ], [ -85.47500002, 10.33333333 ], [ -85.50000001, 10.33333336 ], [ -85.49999999, 10.35 ], [ -85.50000001, 10.36666663 ], [ -85.49999997, 10.38333334 ], [ -85.49999996, 10.40000004 ], [ -85.49999999, 10.41666662 ], [ -85.49999996, 10.43333337 ], [ -85.49999997, 10.45000002 ], [ -85.50000002, 10.46666664 ], [ -85.5, 10.48333334 ], [ -85.50000002, 10.50000003 ], [ -85.47499997, 10.49999997 ] ] ] ] } },
{ "type": "Feature", "properties": { "objectid": 100.0, "id": 100.0, "nombre": "Belén", "hoja_50": "BELEN", "codigo_50": "3047-II" }, "geometry": { "type": "MultiPolygon", "coordinates": [ [ [ [ -85.725, 10.50000003 ], [ -85.69999996, 10.49999998 ], [ -85.67499998, 10.49999996 ], [ -85.64999998, 10.49999995 ], [ -85.62500004, 10.49999996 ], [ -85.6, 10.49999999 ], [ -85.57500004, 10.49999996 ], [ -85.54999997, 10.50000002 ], [ -85.525, 10.50000001 ], [ -85.50000002, 10.50000003 ], [ -85.5, 10.48333334 ], [ -85.50000002, 10.46666664 ], [ -85.49999997, 10.45000002 ], [ -85.49999996, 10.43333337 ], [ -85.49999999, 10.41666662 ], [ -85.49999996, 10.40000004 ], [ -85.49999997, 10.38333334 ], [ -85.50000001, 10.36666663 ], [ -85.49999999, 10.35 ], [ -85.50000001, 10.33333336 ], [ -85.52500001, 10.33333334 ], [ -85.55000002, 10.33333337 ], [ -85.57500002, 10.33333336 ], [ -85.60000001, 10.33333331 ], [ -85.62499999, 10.33333331 ], [ -85.65000004, 10.33333336 ], [ -85.67499998, 10.33333336 ], [ -85.69999999, 10.33333333 ], [ -85.72499996, 10.33333333 ], [ -85.74999998, 10.33333329 ], [ -85.75000003, 10.34999999 ], [ -85.75000004, 10.36666667 ], [ -85.75, 10.38333334 ], [ -85.75000004, 10.39999998 ], [ -85.75000003, 10.4166667 ], [ -85.74999998, 10.43333332 ], [ -85.75, 10.45000001 ], [ -85.74999997, 10.46666669 ], [ -85.75000001, 10.48333335 ], [ -85.75000001, 10.49999999 ], [ -85.725, 10.50000003 ] ] ] ] } },
{ "type": "Feature", "properties": { "objectid": 101.0, "id": 101.0, "nombre": "Matapalo", "hoja_50": "MATAPALO", "codigo_50": "3047-III" }, "geometry": { "type": "MultiPolygon", "coordinates": [ [ [ [ -85.82500004, 10.5 ], [ -85.79999998, 10.49999998 ], [ -85.77499998, 10.49999997 ], [ -85.75000001, 10.49999999 ], [ -85.75000001, 10.48333335 ], [ -85.74999997, 10.46666669 ], [ -85.75, 10.45000001 ], [ -85.74999998, 10.43333332 ], [ -85.75000003, 10.4166667 ], [ -85.75000004, 10.39999998 ], [ -85.75, 10.38333334 ], [ -85.75000004, 10.36666667 ], [ -85.75000003, 10.34999999 ], [ -85.74999998, 10.33333329 ], [ -85.77499998, 10.33333331 ], [ -85.80000001, 10.33333336 ], [ -85.82499999, 10.33333329 ], [ -85.85000001, 10.33333335 ], [ -85.87499999, 10.33333337 ], [ -85.89999998, 10.33333335 ], [ -86.0, 10.33333333 ], [ -86.0, 10.5 ], [ -85.82500004, 10.5 ] ] ] ] } },
{ "type": "Feature", "properties": { "objectid": 102.0, "id": 102.0, "nombre": "Chaparrón", "hoja_50": "CHAPARRON", "codigo_50": "3347-I" }, "geometry": { "type": "MultiPolygon", "coordinates": [ [ [ [ -84.22499998, 10.66666662 ], [ -84.20000004, 10.66666669 ], [ -84.17499998, 10.66666666 ], [ -84.14999997, 10.66666663 ], [ -84.12500003, 10.66666667 ], [ -84.09999998, 10.6666667 ], [ -84.075, 10.66666664 ], [ -84.05000001, 10.66666667 ], [ -84.025, 10.66666667 ], [ -84.0, 10.66666668 ], [ -84.0, 10.64999995 ], [ -84.0, 10.6333333 ], [ -84.0, 10.61666663 ], [ -84.0, 10.60000003 ], [ -84.0, 10.58333333 ], [ -84.0, 10.56666669 ], [ -84.0, 10.55000004 ], [ -84.0, 10.53333337 ], [ -84.0, 10.51666669 ], [ -84.0, 10.49999998 ], [ -84.02500003, 10.49999999 ], [ -84.04999997, 10.50000003 ], [ -84.07499998, 10.49999999 ], [ -84.09999999, 10.49999997 ], [ -84.12499997, 10.49999998 ], [ -84.15000003, 10.50000001 ], [ -84.17499998, 10.49999997 ], [ -84.19999996, 10.49999996 ], [ -84.22500002, 10.49999996 ], [ -84.25000004, 10.49999999 ], [ -84.25, 10.51666663 ], [ -84.25, 10.53333335 ], [ -84.25000001, 10.54999996 ], [ -84.24999996, 10.56666664 ], [ -84.25000001, 10.58333331 ], [ -84.25, 10.59999996 ], [ -84.25000001, 10.61666668 ], [ -84.25000003, 10.63333329 ], [ -84.24999999, 10.64999997 ], [ -84.24999997, 10.66666664 ], [ -84.22499998, 10.66666662 ] ] ] ] } },
{ "type": "Feature", "properties": { "objectid": 103.0, "id": 103.0, "nombre": "Chirripó Atlántico", "hoja_50": "CHIRRIPO ATLANTICO", "codigo_50": "3447-IV" }, "geometry": { "type": "MultiPolygon", "coordinates": [ [ [ [ -83.75000001, 10.64999997 ], [ -83.74999997, 10.63333329 ], [ -83.74999999, 10.61666668 ], [ -83.75, 10.59999996 ], [ -83.74999999, 10.58333331 ], [ -83.75000004, 10.56666664 ], [ -83.74999999, 10.54999996 ], [ -83.75, 10.53333335 ], [ -83.75, 10.51666663 ], [ -83.74999996, 10.49999999 ], [ -83.77499998, 10.49999996 ], [ -83.80000003, 10.49999996 ], [ -83.82500002, 10.49999997 ], [ -83.84999997, 10.50000001 ], [ -83.87500002, 10.49999998 ], [ -83.90000001, 10.49999997 ], [ -83.92500002, 10.49999999 ], [ -83.95000003, 10.50000003 ], [ -83.97499996, 10.49999999 ], [ -84.0, 10.49999998 ], [ -84.0, 10.51666669 ], [ -84.0, 10.53333337 ], [ -84.0, 10.55000004 ], [ -84.0, 10.56666669 ], [ -84.0, 10.58333333 ], [ -84.0, 10.60000003 ], [ -84.0, 10.61666663 ], [ -84.0, 10.6333333 ], [ -84.0, 10.64999995 ], [ -84.0, 10.66666668 ], [ -83.975, 10.66666667 ], [ -83.94999999, 10.66666667 ], [ -83.925, 10.66666664 ], [ -83.90000002, 10.6666667 ], [ -83.87499996, 10.66666667 ], [ -83.85000003, 10.66666663 ], [ -83.82500002, 10.66666666 ], [ -83.79999996, 10.66666669 ], [ -83.77500002, 10.66666662 ], [ -83.75000003, 10.66666664 ], [ -83.75000001, 10.64999997 ] ] ] ] } },
{ "type": "Feature", "properties": { "objectid": 104.0, "id": 104.0, "nombre": "Tortuguero", "hoja_50": "TORTUGUERO", "codigo_50": "3447-I" }, "geometry": { "type": "MultiPolygon", "coordinates": [ [ [ [ -83.49999996, 10.58333334 ], [ -83.49999998, 10.56666667 ], [ -83.49999996, 10.54999998 ], [ -83.49999999, 10.53333336 ], [ -83.47499996, 10.53333333 ], [ -83.475, 10.51666666 ], [ -83.47500001, 10.49999998 ], [ -83.50000002, 10.5 ], [ -83.52500002, 10.50000002 ], [ -83.55000001, 10.49999999 ], [ -83.57500001, 10.49999996 ], [ -83.59999998, 10.49999997 ], [ -83.62500002, 10.49999999 ], [ -83.65000003, 10.50000004 ], [ -83.67500002, 10.50000002 ], [ -83.69999999, 10.50000002 ], [ -83.72499999, 10.50000003 ], [ -83.74999996, 10.49999999 ], [ -83.75, 10.51666663 ], [ -83.75, 10.53333335 ], [ -83.74999999, 10.54999996 ], [ -83.75000004, 10.56666664 ], [ -83.74999999, 10.58333331 ], [ -83.75, 10.59999996 ], [ -83.74999999, 10.61666668 ], [ -83.74999997, 10.63333329 ], [ -83.75000001, 10.64999997 ], [ -83.75000003, 10.66666664 ], [ -83.725, 10.66666665 ], [ -83.70000001, 10.66666664 ], [ -83.67499998, 10.66666664 ], [ -83.65000002, 10.66666671 ], [ -83.62500003, 10.66666669 ], [ -83.6, 10.66666664 ], [ -83.57499996, 10.6666667 ], [ -83.55, 10.66666664 ], [ -83.5, 10.66666667 ], [ -83.49999999, 10.59999999 ], [ -83.49999996, 10.58333334 ] ] ] ] } },
{ "type": "Feature", "properties": { "objectid": 107.0, "id": 107.0, "nombre": "Arenal", "hoja_50": "ARENAL", "codigo_50": "3247-IV" }, "geometry": { "type": "MultiPolygon", "coordinates": [ [ [ [ -84.97500003, 10.66666667 ], [ -84.95000004, 10.66666664 ], [ -84.92499997, 10.66666668 ], [ -84.90000001, 10.66666663 ], [ -84.87499999, 10.66666665 ], [ -84.84999999, 10.66666667 ], [ -84.82500001, 10.66666668 ], [ -84.79999998, 10.66666667 ], [ -84.775, 10.66666666 ], [ -84.74999997, 10.66666664 ], [ -84.75000003, 10.64999999 ], [ -84.74999997, 10.63333332 ], [ -84.74999997, 10.61666663 ], [ -84.75000004, 10.60000002 ], [ -84.74999998, 10.5833333 ], [ -84.75, 10.56666665 ], [ -84.74999998, 10.54999999 ], [ -84.75000002, 10.53333331 ], [ -84.75000004, 10.51666669 ], [ -84.75000003, 10.49999998 ], [ -84.77499999, 10.5 ], [ -84.79999999, 10.49999996 ], [ -84.82500003, 10.50000002 ], [ -84.85000003, 10.50000002 ], [ -84.87499996, 10.50000003 ], [ -84.9, 10.49999998 ], [ -84.92499997, 10.50000004 ], [ -84.94999997, 10.50000002 ], [ -84.97499997, 10.50000004 ], [ -84.99999999, 10.49999998 ], [ -84.99999998, 10.51666664 ], [ -84.99999996, 10.53333329 ], [ -85.00000003, 10.55000001 ], [ -85.0, 10.56666664 ], [ -84.99999996, 10.58333332 ], [ -85.00000001, 10.6 ], [ -85.00000005, 10.61666666 ], [ -84.99999998, 10.6333333 ], [ -85.00000001, 10.65000001 ], [ -85.00000003, 10.66666671 ], [ -84.97500003, 10.66666667 ] ] ] ] } },
{ "type": "Feature", "properties": { "objectid": 108.0, "id": 108.0, "nombre": "Tierras Morenas", "hoja_50": "TIERRAS MORENAS", "codigo_50": "3147-I" }, "geometry": { "type": "MultiPolygon", "coordinates": [ [ [ [ -85.22500003, 10.6666667 ], [ -85.19999997, 10.66666667 ], [ -85.17499997, 10.66666663 ], [ -85.15000004, 10.66666667 ], [ -85.12499999, 10.6666667 ], [ -85.10000002, 10.66666663 ], [ -85.07500003, 10.66666664 ], [ -85.05000003, 10.66666664 ], [ -85.02500003, 10.66666663 ], [ -85.00000003, 10.66666671 ], [ -85.00000001, 10.65000001 ], [ -84.99999998, 10.6333333 ], [ -85.00000005, 10.61666666 ], [ -85.00000001, 10.6 ], [ -84.99999996, 10.58333332 ], [ -85.0, 10.56666664 ], [ -85.00000003, 10.55000001 ], [ -84.99999996, 10.53333329 ], [ -84.99999998, 10.51666664 ], [ -84.99999999, 10.49999998 ], [ -85.025, 10.50000002 ], [ -85.05000003, 10.5 ], [ -85.07500003, 10.50000001 ], [ -85.10000004, 10.50000003 ], [ -85.12500003, 10.49999998 ], [ -85.14999999, 10.50000003 ], [ -85.17500003, 10.50000002 ], [ -85.20000004, 10.50000003 ], [ -85.22500002, 10.49999997 ], [ -85.24999995, 10.50000002 ], [ -85.25000002, 10.5166667 ], [ -85.25000001, 10.53333337 ], [ -85.25000002, 10.55000001 ], [ -85.25000003, 10.56666664 ], [ -85.24999997, 10.58333335 ], [ -85.25000001, 10.59999995 ], [ -85.24999998, 10.61666662 ], [ -85.24999996, 10.63333337 ], [ -85.24999996, 10.65000001 ], [ -85.24999996, 10.66666663 ], [ -85.22500003, 10.6666667 ] ] ] ] } },
{ "type": "Feature", "properties": { "objectid": 109.0, "id": 109.0, "nombre": "Monteverde", "hoja_50": "MONTEVERDE", "codigo_50": "3147-IV" }, "geometry": { "type": "MultiPolygon", "coordinates": [ [ [ [ -85.475, 10.6666667 ], [ -85.44999995, 10.66666669 ], [ -85.42500002, 10.66666666 ], [ -85.40000001, 10.66666663 ], [ -85.37500001, 10.66666667 ], [ -85.34999997, 10.6666667 ], [ -85.32500004, 10.66666663 ], [ -85.29999997, 10.66666664 ], [ -85.27500003, 10.66666664 ], [ -85.24999996, 10.66666663 ], [ -85.24999996, 10.65000001 ], [ -85.24999996, 10.63333337 ], [ -85.24999998, 10.61666662 ], [ -85.25000001, 10.59999995 ], [ -85.24999997, 10.58333335 ], [ -85.25000003, 10.56666664 ], [ -85.25000002, 10.55000001 ], [ -85.25000001, 10.53333337 ], [ -85.25000002, 10.5166667 ], [ -85.24999995, 10.50000002 ], [ -85.27500004, 10.49999999 ], [ -85.29999999, 10.5 ], [ -85.32499997, 10.50000001 ], [ -85.35, 10.49999996 ], [ -85.37499996, 10.50000001 ], [ -85.39999996, 10.5 ], [ -85.42499997, 10.49999999 ], [ -85.45000001, 10.50000002 ], [ -85.47499997, 10.49999997 ], [ -85.50000002, 10.50000003 ], [ -85.49999999, 10.5166667 ], [ -85.49999999, 10.53333335 ], [ -85.50000003, 10.54999998 ], [ -85.5, 10.56666669 ], [ -85.50000002, 10.5833333 ], [ -85.49999998, 10.59999998 ], [ -85.49999996, 10.61666664 ], [ -85.5, 10.63333338 ], [ -85.49999997, 10.65 ], [ -85.49999997, 10.66666671 ], [ -85.475, 10.6666667 ] ] ] ] } },
{ "type": "Feature", "properties": { "objectid": 110.0, "id": 110.0, "nombre": "Carrillo Norte", "hoja_50": "CARRILLO NORTE", "codigo_50": "3047-I" }, "geometry": { "type": "MultiPolygon", "coordinates": [ [ [ [ -85.7, 10.66666668 ], [ -85.67500002, 10.66666667 ], [ -85.65000001, 10.66666667 ], [ -85.62499998, 10.66666664 ], [ -85.60000003, 10.66666669 ], [ -85.57499998, 10.66666664 ], [ -85.55, 10.66666668 ], [ -85.52500003, 10.66666669 ], [ -85.49999997, 10.66666671 ], [ -85.49999997, 10.65 ], [ -85.5, 10.63333338 ], [ -85.49999996, 10.61666664 ], [ -85.49999998, 10.59999998 ], [ -85.50000002, 10.5833333 ], [ -85.5, 10.56666669 ], [ -85.50000003, 10.54999998 ], [ -85.49999999, 10.53333335 ], [ -85.49999999, 10.5166667 ], [ -85.50000002, 10.50000003 ], [ -85.525, 10.50000001 ], [ -85.54999997, 10.50000002 ], [ -85.57500004, 10.49999996 ], [ -85.6, 10.49999999 ], [ -85.62500004, 10.49999996 ], [ -85.64999998, 10.49999995 ], [ -85.67499998, 10.49999996 ], [ -85.69999996, 10.49999998 ], [ -85.725, 10.50000003 ], [ -85.75000001, 10.49999999 ], [ -85.74999997, 10.51666662 ], [ -85.74999999, 10.53333332 ], [ -85.74999998, 10.55 ], [ -85.75, 10.66666667 ], [ -85.7, 10.66666668 ] ] ] ] } },
{ "type": "Feature", "properties": { "objectid": 111.0, "id": 111.0, "nombre": "Punta Gorda", "hoja_50": "PUNTA GORDA", "codigo_50": "3047-IV" }, "geometry": { "type": "MultiPolygon", "coordinates": [ [ [ [ -85.75, 10.66666667 ], [ -85.74999998, 10.55 ], [ -85.74999999, 10.53333332 ], [ -85.74999997, 10.51666662 ], [ -85.75000001, 10.49999999 ], [ -85.77499998, 10.49999997 ], [ -85.79999998, 10.49999998 ], [ -85.82500004, 10.5 ], [ -86.0, 10.5 ], [ -86.0, 10.66666667 ], [ -85.75, 10.66666667 ] ] ] ] } },
{ "type": "Feature", "properties": { "objectid": 112.0, "id": 112.0, "nombre": "Trinidad", "hoja_50": "TRINIDAD", "codigo_50": "3448-III" }, "geometry": { "type": "MultiPolygon", "coordinates": [ [ [ [ -83.74999996, 10.78333336 ], [ -83.74999999, 10.76666663 ], [ -83.75000001, 10.74999999 ], [ -83.75, 10.73333332 ], [ -83.74999997, 10.71666663 ], [ -83.75000001, 10.70000001 ], [ -83.75000003, 10.68333329 ], [ -83.75000003, 10.66666664 ], [ -83.77500002, 10.66666662 ], [ -83.79999996, 10.66666669 ], [ -83.82500002, 10.66666666 ], [ -83.85000003, 10.66666663 ], [ -83.87499996, 10.66666667 ], [ -83.90000002, 10.6666667 ], [ -83.925, 10.66666664 ], [ -83.94999999, 10.66666667 ], [ -83.975, 10.66666667 ], [ -84.0, 10.66666668 ], [ -84.0, 10.68333329 ], [ -84.0, 10.69999999 ], [ -84.0, 10.71666666 ], [ -84.0, 10.73333331 ], [ -84.0, 10.75000004 ], [ -84.0, 10.76666666 ], [ -84.0, 10.78333335 ], [ -84.0, 10.80000002 ], [ -84.0, 10.83333333 ], [ -83.75, 10.83333333 ], [ -83.75, 10.79999998 ], [ -83.74999996, 10.78333336 ] ] ] ] } },
{ "type": "Feature", "properties": { "objectid": 113.0, "id": 113.0, "nombre": "Cutris", "hoja_50": "CUTRIS", "codigo_50": "3348-II" }, "geometry": { "type": "MultiPolygon", "coordinates": [ [ [ [ -84.225, 10.83333333 ], [ -84.19999997, 10.83333328 ], [ -84.0, 10.83333333 ], [ -84.0, 10.80000002 ], [ -84.0, 10.78333335 ], [ -84.0, 10.76666666 ], [ -84.0, 10.75000004 ], [ -84.0, 10.73333331 ], [ -84.0, 10.71666666 ], [ -84.0, 10.69999999 ], [ -84.0, 10.68333329 ], [ -84.0, 10.66666668 ], [ -84.025, 10.66666667 ], [ -84.05000001, 10.66666667 ], [ -84.075, 10.66666664 ], [ -84.09999998, 10.6666667 ], [ -84.12500003, 10.66666667 ], [ -84.14999997, 10.66666663 ], [ -84.17499998, 10.66666666 ], [ -84.20000004, 10.66666669 ], [ -84.22499998, 10.66666662 ], [ -84.24999997, 10.66666664 ], [ -84.24999997, 10.68333329 ], [ -84.24999999, 10.70000001 ], [ -84.25000003, 10.71666663 ], [ -84.25, 10.73333332 ], [ -84.24999999, 10.74999999 ], [ -84.25, 10.76666663 ], [ -84.25000004, 10.78333336 ], [ -84.25, 10.79999998 ], [ -84.24999998, 10.81666666 ], [ -84.24999999, 10.83333333 ], [ -84.225, 10.83333333 ] ] ] ] } },
{ "type": "Feature", "properties": { "objectid": 114.0, "id": 114.0, "nombre": "Colorado", "hoja_50": "COLORADO", "codigo_50": "3448-II" }, "geometry": { "type": "MultiPolygon", "coordinates": [ [ [ [ -83.5, 10.66666667 ], [ -83.55, 10.66666664 ], [ -83.57499996, 10.6666667 ], [ -83.6, 10.66666664 ], [ -83.62500003, 10.66666669 ], [ -83.65000002, 10.66666671 ], [ -83.67499998, 10.66666664 ], [ -83.70000001, 10.66666664 ], [ -83.725, 10.66666665 ], [ -83.75000003, 10.66666664 ], [ -83.75000003, 10.68333329 ], [ -83.75000001, 10.70000001 ], [ -83.74999997, 10.71666663 ], [ -83.75, 10.73333332 ], [ -83.75000001, 10.74999999 ], [ -83.74999999, 10.76666663 ], [ -83.74999996, 10.78333336 ], [ -83.75, 10.79999998 ], [ -83.75, 10.83333333 ], [ -83.69999998, 10.83333331 ], [ -83.67500004, 10.8333333 ], [ -83.64999998, 10.83333333 ], [ -83.62499999, 10.83333332 ], [ -83.59999996, 10.83333337 ], [ -83.575, 10.83333329 ], [ -83.5, 10.83333333 ], [ -83.5, 10.66666667 ] ] ] ] } },
{ "type": "Feature", "properties": { "objectid": 115.0, "id": 115.0, "nombre": "Infiernito", "hoja_50": "INFIERNITO", "codigo_50": "3348-III" }, "geometry": { "type": "MultiPolygon", "coordinates": [ [ [ [ -84.47500003, 10.83333329 ], [ -84.44999996, 10.83333335 ], [ -84.42499999, 10.83333329 ], [ -84.40000004, 10.83333337 ], [ -84.37500001, 10.83333332 ], [ -84.35000001, 10.83333333 ], [ -84.32499996, 10.8333333 ], [ -84.30000002, 10.83333331 ], [ -84.27500003, 10.8333333 ], [ -84.24999999, 10.83333333 ], [ -84.24999998, 10.81666666 ], [ -84.25, 10.79999998 ], [ -84.25000004, 10.78333336 ], [ -84.25, 10.76666663 ], [ -84.24999999, 10.74999999 ], [ -84.25, 10.73333332 ], [ -84.25000003, 10.71666663 ], [ -84.24999999, 10.70000001 ], [ -84.24999997, 10.68333329 ], [ -84.24999997, 10.66666664 ], [ -84.275, 10.66666665 ], [ -84.29999998, 10.66666664 ], [ -84.32500001, 10.66666664 ], [ -84.34999998, 10.66666671 ], [ -84.37499997, 10.66666669 ], [ -84.39999999, 10.66666664 ], [ -84.42500004, 10.6666667 ], [ -84.45, 10.66666664 ], [ -84.47499997, 10.66666667 ], [ -84.50000004, 10.66666669 ], [ -84.50000004, 10.68333335 ], [ -84.49999999, 10.69999999 ], [ -84.49999998, 10.71666671 ], [ -84.50000002, 10.73333331 ], [ -84.50000001, 10.74999998 ], [ -84.50000003, 10.76666664 ], [ -84.50000002, 10.78333337 ], [ -84.50000003, 10.79999999 ], [ -84.5, 10.81666668 ], [ -84.50000002, 10.83333337 ], [ -84.47500003, 10.83333329 ] ] ] ] } },
{ "type": "Feature", "properties": { "objectid": 116.0, "id": 116.0, "nombre": "San Jorge", "hoja_50": "SAN JORGE", "codigo_50": "3248-II" }, "geometry": { "type": "MultiPolygon", "coordinates": [ [ [ [ -84.72500001, 10.83333333 ], [ -84.69999997, 10.83333333 ], [ -84.67500001, 10.83333337 ], [ -84.65000001, 10.8333333 ], [ -84.62499998, 10.83333335 ], [ -84.60000003, 10.83333328 ], [ -84.57499997, 10.83333337 ], [ -84.54999999, 10.83333331 ], [ -84.525, 10.83333331 ], [ -84.50000002, 10.83333337 ], [ -84.5, 10.81666668 ], [ -84.50000003, 10.79999999 ], [ -84.50000002, 10.78333337 ], [ -84.50000003, 10.76666664 ], [ -84.50000001, 10.74999998 ], [ -84.50000002, 10.73333331 ], [ -84.49999998, 10.71666671 ], [ -84.49999999, 10.69999999 ], [ -84.50000004, 10.68333335 ], [ -84.50000004, 10.66666669 ], [ -84.52500003, 10.66666663 ], [ -84.55000001, 10.66666663 ], [ -84.57499998, 10.66666663 ], [ -84.60000004, 10.66666671 ], [ -84.62499998, 10.66666669 ], [ -84.65, 10.66666666 ], [ -84.67499999, 10.66666663 ], [ -84.69999996, 10.66666667 ], [ -84.72499998, 10.66666671 ], [ -84.74999997, 10.66666664 ], [ -84.74999997, 10.68333337 ], [ -84.75000003, 10.69999999 ], [ -84.74999998, 10.71666668 ], [ -84.74999999, 10.73333335 ], [ -84.74999997, 10.75000001 ], [ -84.75000002, 10.76666665 ], [ -84.75000003, 10.78333335 ], [ -84.75000001, 10.79999996 ], [ -84.74999998, 10.81666664 ], [ -84.75, 10.83333329 ], [ -84.72500001, 10.83333333 ] ] ] ] } },
{ "type": "Feature", "properties": { "objectid": 117.0, "id": 117.0, "nombre": "Guatuso", "hoja_50": "GUATUSO", "codigo_50": "3248-III" }, "geometry": { "type": "MultiPolygon", "coordinates": [ [ [ [ -84.97499997, 10.83333331 ], [ -84.94999997, 10.83333334 ], [ -84.92499998, 10.83333332 ], [ -84.9, 10.83333335 ], [ -84.87499997, 10.83333335 ], [ -84.84999996, 10.8333333 ], [ -84.82499998, 10.83333331 ], [ -84.80000004, 10.83333329 ], [ -84.77500004, 10.83333331 ], [ -84.75, 10.83333329 ], [ -84.74999998, 10.81666664 ], [ -84.75000001, 10.79999996 ], [ -84.75000003, 10.78333335 ], [ -84.75000002, 10.76666665 ], [ -84.74999997, 10.75000001 ], [ -84.74999999, 10.73333335 ], [ -84.74999998, 10.71666668 ], [ -84.75000003, 10.69999999 ], [ -84.74999997, 10.68333337 ], [ -84.74999997, 10.66666664 ], [ -84.775, 10.66666666 ], [ -84.79999998, 10.66666667 ], [ -84.82500001, 10.66666668 ], [ -84.84999999, 10.66666667 ], [ -84.87499999, 10.66666665 ], [ -84.90000001, 10.66666663 ], [ -84.92499997, 10.66666668 ], [ -84.95000004, 10.66666664 ], [ -84.97500003, 10.66666667 ], [ -85.00000003, 10.66666671 ], [ -85.00000003, 10.68333329 ], [ -85.00000004, 10.69999995 ], [ -85.00000003, 10.71666669 ], [ -85.00000002, 10.73333331 ], [ -85.0, 10.75000001 ], [ -84.99999997, 10.7666667 ], [ -85.00000003, 10.78333336 ], [ -85.0, 10.80000001 ], [ -85.00000004, 10.81666664 ], [ -84.99999998, 10.83333335 ], [ -84.97499997, 10.83333331 ] ] ] ] } },
{ "type": "Feature", "properties": { "objectid": 118.0, "id": 118.0, "nombre": "Miravalles", "hoja_50": "MIRAVALLES", "codigo_50": "3148-II" }, "geometry": { "type": "MultiPolygon", "coordinates": [ [ [ [ -85.22500003, 10.83333337 ], [ -85.20000004, 10.83333334 ], [ -85.17500003, 10.83333335 ], [ -85.14999998, 10.83333333 ], [ -85.12500001, 10.83333335 ], [ -85.10000002, 10.83333334 ], [ -85.07500002, 10.83333329 ], [ -85.05, 10.83333329 ], [ -85.02499999, 10.83333334 ], [ -84.99999998, 10.83333335 ], [ -85.00000004, 10.81666664 ], [ -85.0, 10.80000001 ], [ -85.00000003, 10.78333336 ], [ -84.99999997, 10.7666667 ], [ -85.0, 10.75000001 ], [ -85.00000002, 10.73333331 ], [ -85.00000003, 10.71666669 ], [ -85.00000004, 10.69999995 ], [ -85.00000003, 10.68333329 ], [ -85.00000003, 10.66666671 ], [ -85.02500003, 10.66666663 ], [ -85.05000003, 10.66666664 ], [ -85.07500003, 10.66666664 ], [ -85.10000002, 10.66666663 ], [ -85.12499999, 10.6666667 ], [ -85.15000004, 10.66666667 ], [ -85.17499997, 10.66666663 ], [ -85.19999997, 10.66666667 ], [ -85.22500003, 10.6666667 ], [ -85.24999996, 10.66666663 ], [ -85.24999999, 10.68333332 ], [ -85.25000002, 10.70000001 ], [ -85.24999998, 10.71666667 ], [ -85.25000004, 10.73333331 ], [ -85.25000002, 10.75000003 ], [ -85.25000002, 10.76666664 ], [ -85.25000003, 10.78333333 ], [ -85.24999997, 10.79999999 ], [ -85.25000001, 10.81666664 ], [ -85.24999998, 10.83333337 ], [ -85.22500003, 10.83333337 ] ] ] ] } },
{ "type": "Feature", "properties": { "objectid": 119.0, "id": 119.0, "nombre": "Curubandé", "hoja_50": "CURUBANDE", "codigo_50": "3148-III" }, "geometry": { "type": "MultiPolygon", "coordinates": [ [ [ [ -85.47500002, 10.83333332 ], [ -85.45000004, 10.83333332 ], [ -85.42499998, 10.83333329 ], [ -85.39999996, 10.8333333 ], [ -85.37500004, 10.83333337 ], [ -85.34999996, 10.83333331 ], [ -85.32500002, 10.83333329 ], [ -85.30000002, 10.83333333 ], [ -85.27499997, 10.83333332 ], [ -85.24999998, 10.83333337 ], [ -85.25000001, 10.81666664 ], [ -85.24999997, 10.79999999 ], [ -85.25000003, 10.78333333 ], [ -85.25000002, 10.76666664 ], [ -85.25000002, 10.75000003 ], [ -85.25000004, 10.73333331 ], [ -85.24999998, 10.71666667 ], [ -85.25000002, 10.70000001 ], [ -85.24999999, 10.68333332 ], [ -85.24999996, 10.66666663 ], [ -85.27500003, 10.66666664 ], [ -85.29999997, 10.66666664 ], [ -85.32500004, 10.66666663 ], [ -85.34999997, 10.6666667 ], [ -85.37500001, 10.66666667 ], [ -85.40000001, 10.66666663 ], [ -85.42500002, 10.66666666 ], [ -85.44999995, 10.66666669 ], [ -85.475, 10.6666667 ], [ -85.49999997, 10.66666671 ], [ -85.50000001, 10.6833333 ], [ -85.49999999, 10.69999997 ], [ -85.50000001, 10.71666662 ], [ -85.49999997, 10.73333335 ], [ -85.49999996, 10.74999997 ], [ -85.5, 10.76666666 ], [ -85.49999997, 10.78333334 ], [ -85.49999998, 10.79999999 ], [ -85.50000002, 10.81666664 ], [ -85.50000001, 10.83333336 ], [ -85.47500002, 10.83333332 ] ] ] ] } },
{ "type": "Feature", "properties": { "objectid": 120.0, "id": 120.0, "nombre": "Ahogados", "hoja_50": "AHOGADOS", "codigo_50": "3048-I" }, "geometry": { "type": "MultiPolygon", "coordinates": [ [ [ [ -85.72499998, 10.83333333 ], [ -85.7, 10.83333329 ], [ -85.67499998, 10.83333331 ], [ -85.65000004, 10.83333329 ], [ -85.62499997, 10.83333331 ], [ -85.6, 10.8333333 ], [ -85.575, 10.83333333 ], [ -85.55, 10.83333332 ], [ -85.52500001, 10.83333336 ], [ -85.50000001, 10.83333336 ], [ -85.50000002, 10.81666664 ], [ -85.49999998, 10.79999999 ], [ -85.49999997, 10.78333334 ], [ -85.5, 10.76666666 ], [ -85.49999996, 10.74999997 ], [ -85.49999997, 10.73333335 ], [ -85.50000001, 10.71666662 ], [ -85.49999999, 10.69999997 ], [ -85.50000001, 10.6833333 ], [ -85.49999997, 10.66666671 ], [ -85.52500003, 10.66666669 ], [ -85.55, 10.66666668 ], [ -85.57499998, 10.66666664 ], [ -85.60000003, 10.66666669 ], [ -85.62499998, 10.66666664 ], [ -85.65000001, 10.66666667 ], [ -85.67500002, 10.66666667 ], [ -85.7, 10.66666668 ], [ -85.75, 10.66666667 ], [ -85.75000004, 10.80000002 ], [ -85.75, 10.81666662 ], [ -85.75000002, 10.83333331 ], [ -85.72499998, 10.83333333 ] ] ] ] } },
{ "type": "Feature", "properties": { "objectid": 121.0, "id": 121.0, "nombre": "Pocosol", "hoja_50": "POCOSOL", "codigo_50": "3348-IV" }, "geometry": { "type": "MultiPolygon", "coordinates": [ [ [ [ -84.47499996, 11.00000001 ], [ -84.44999996, 11.0 ], [ -84.37500001, 10.99999999 ], [ -84.34999998, 10.99999997 ], [ -84.25, 11.0 ], [ -84.25000004, 10.90000001 ], [ -84.22499999, 10.90000004 ], [ -84.22500001, 10.88333331 ], [ -84.22499996, 10.86666667 ], [ -84.19999999, 10.86666669 ], [ -84.19999997, 10.84999999 ], [ -84.19999997, 10.83333328 ], [ -84.225, 10.83333333 ], [ -84.24999999, 10.83333333 ], [ -84.27500003, 10.8333333 ], [ -84.30000002, 10.83333331 ], [ -84.32499996, 10.8333333 ], [ -84.35000001, 10.83333333 ], [ -84.37500001, 10.83333332 ], [ -84.40000004, 10.83333337 ], [ -84.42499999, 10.83333329 ], [ -84.44999996, 10.83333335 ], [ -84.47500003, 10.83333329 ], [ -84.50000002, 10.83333337 ], [ -84.49999998, 10.85000002 ], [ -84.49999999, 10.86666666 ], [ -84.50000003, 10.88333329 ], [ -84.50000003, 10.89999999 ], [ -84.49999997, 10.91666666 ], [ -84.49999997, 10.93333332 ], [ -84.5, 10.94999996 ], [ -84.49999998, 10.96666668 ], [ -84.50000001, 10.98333328 ], [ -84.49999999, 10.99999996 ], [ -84.47499996, 11.00000001 ] ] ] ] } },
{ "type": "Feature", "properties": { "objectid": 122.0, "id": 122.0, "nombre": "Punta Castilla", "hoja_50": "PUNTA CASTILLA", "codigo_50": "3448-I" }, "geometry": { "type": "MultiPolygon", "coordinates": [ [ [ [ -83.5, 11.0 ], [ -83.5, 10.83333333 ], [ -83.575, 10.83333329 ], [ -83.59999996, 10.83333337 ], [ -83.62499999, 10.83333332 ], [ -83.64999998, 10.83333333 ], [ -83.67500004, 10.8333333 ], [ -83.69999998, 10.83333331 ], [ -83.75, 10.83333333 ], [ -83.75, 11.0 ], [ -83.70000555, 11.00015 ], [ -83.67499874, 11.0001496 ], [ -83.64999857, 11.00014922 ], [ -83.62499854, 11.00014876 ], [ -83.59999816, 11.00014834 ], [ -83.57499071, 11.00014774 ], [ -83.5, 11.0 ] ] ] ] } },
{ "type": "Feature", "properties": { "objectid": 123.0, "id": 123.0, "nombre": "Medio Queso", "hoja_50": "MEDIO QUESO", "codigo_50": "3248-I" }, "geometry": { "type": "MultiPolygon", "coordinates": [ [ [ [ -84.49999999, 10.99999996 ], [ -84.50000001, 10.98333328 ], [ -84.49999998, 10.96666668 ], [ -84.5, 10.94999996 ], [ -84.49999997, 10.93333332 ], [ -84.49999997, 10.91666666 ], [ -84.50000003, 10.89999999 ], [ -84.50000003, 10.88333329 ], [ -84.49999999, 10.86666666 ], [ -84.49999998, 10.85000002 ], [ -84.50000002, 10.83333337 ], [ -84.525, 10.83333331 ], [ -84.54999999, 10.83333331 ], [ -84.57499997, 10.83333337 ], [ -84.60000003, 10.83333328 ], [ -84.62499998, 10.83333335 ], [ -84.65000001, 10.8333333 ], [ -84.67500001, 10.83333337 ], [ -84.69999997, 10.83333333 ], [ -84.72500001, 10.83333333 ], [ -84.75, 10.83333329 ], [ -84.74999999, 10.85000002 ], [ -84.74999996, 10.86666665 ], [ -84.74999998, 10.88333334 ], [ -84.74999999, 10.90000002 ], [ -84.74999996, 10.91666668 ], [ -84.75, 10.93333332 ], [ -84.75, 10.95000004 ], [ -84.74999998, 10.96666664 ], [ -84.75000002, 10.98333332 ], [ -84.75000004, 10.99999998 ], [ -84.725, 10.99999999 ], [ -84.70000003, 11.00000001 ], [ -84.67500003, 10.99999997 ], [ -84.64999999, 10.99999995 ], [ -84.62500003, 10.99999996 ], [ -84.60000003, 10.99999999 ], [ -84.57500004, 11.00000004 ], [ -84.55000002, 11.00000002 ], [ -84.525, 11.00000003 ], [ -84.49999999, 10.99999996 ] ] ] ] } },
{ "type": "Feature", "properties": { "objectid": 124.0, "id": 124.0, "nombre": "Zapote", "hoja_50": "ZAPOTE", "codigo_50": "3248-IV" }, "geometry": { "type": "MultiPolygon", "coordinates": [ [ [ [ -84.82500003, 11.0 ], [ -84.79999996, 11.00000004 ], [ -84.77500002, 11.0 ], [ -84.75000004, 10.99999998 ], [ -84.75000002, 10.98333332 ], [ -84.74999998, 10.96666664 ], [ -84.75, 10.95000004 ], [ -84.75, 10.93333332 ], [ -84.74999996, 10.91666668 ], [ -84.74999999, 10.90000002 ], [ -84.74999998, 10.88333334 ], [ -84.74999996, 10.86666665 ], [ -84.74999999, 10.85000002 ], [ -84.75, 10.83333329 ], [ -84.77500004, 10.83333331 ], [ -84.80000004, 10.83333329 ], [ -84.82499998, 10.83333331 ], [ -84.84999996, 10.8333333 ], [ -84.87499997, 10.83333335 ], [ -84.9, 10.83333335 ], [ -84.92499998, 10.83333332 ], [ -84.94999997, 10.83333334 ], [ -84.97499997, 10.83333331 ], [ -84.99999998, 10.83333335 ], [ -85.0, 10.85000003 ], [ -85.00000002, 10.8666667 ], [ -85.00000004, 10.88333335 ], [ -84.99999995, 10.89999998 ], [ -84.99999995, 10.91666669 ], [ -85.00000004, 10.93333329 ], [ -85.00000002, 10.94999996 ], [ -85.0, 10.9666667 ], [ -84.99999997, 10.98333334 ], [ -85.00000002, 10.99999996 ], [ -84.84999996, 11.0 ], [ -84.82500003, 11.0 ] ] ] ] } },
{ "type": "Feature", "properties": { "objectid": 125.0, "id": 125.0, "nombre": "Upala", "hoja_50": "UPALA", "codigo_50": "3148-I" }, "geometry": { "type": "MultiPolygon", "coordinates": [ [ [ [ -85.225, 11.00000004 ], [ -85.19999996, 11.0 ], [ -85.175, 10.99999997 ], [ -85.15, 10.99999997 ], [ -85.12499999, 10.99999999 ], [ -85.09999996, 11.00000003 ], [ -85.07500001, 11.0 ], [ -85.05000004, 11.0 ], [ -85.02499998, 11.00000001 ], [ -85.00000002, 10.99999996 ], [ -84.99999997, 10.98333334 ], [ -85.0, 10.9666667 ], [ -85.00000002, 10.94999996 ], [ -85.00000004, 10.93333329 ], [ -84.99999995, 10.91666669 ], [ -84.99999995, 10.89999998 ], [ -85.00000004, 10.88333335 ], [ -85.00000002, 10.8666667 ], [ -85.0, 10.85000003 ], [ -84.99999998, 10.83333335 ], [ -85.02499999, 10.83333334 ], [ -85.05, 10.83333329 ], [ -85.07500002, 10.83333329 ], [ -85.10000002, 10.83333334 ], [ -85.12500001, 10.83333335 ], [ -85.14999998, 10.83333333 ], [ -85.17500003, 10.83333335 ], [ -85.20000004, 10.83333334 ], [ -85.22500003, 10.83333337 ], [ -85.24999998, 10.83333337 ], [ -85.25000004, 10.84999998 ], [ -85.25000003, 10.86666667 ], [ -85.25000004, 10.88333334 ], [ -85.24999996, 10.9 ], [ -85.24999999, 10.91666664 ], [ -85.25000004, 10.93333335 ], [ -85.25, 10.95000004 ], [ -85.24999998, 10.96666662 ], [ -85.24999998, 10.98333337 ], [ -85.24999999, 11.00000001 ], [ -85.225, 11.00000004 ] ] ] ] } },
{ "type": "Feature", "properties": { "objectid": 126.0, "id": 126.0, "nombre": "Cacao", "hoja_50": "CACAO", "codigo_50": "3148-IV" }, "geometry": { "type": "MultiPolygon", "coordinates": [ [ [ [ -85.47500001, 10.99999997 ], [ -85.44999998, 11.0 ], [ -85.42499997, 11.00000004 ], [ -85.39999998, 11.00000001 ], [ -85.37500002, 11.0 ], [ -85.34999999, 11.00000002 ], [ -85.32499999, 10.99999997 ], [ -85.30000003, 11.00000002 ], [ -85.27500004, 11.00000001 ], [ -85.24999999, 11.00000001 ], [ -85.24999998, 10.98333337 ], [ -85.24999998, 10.96666662 ], [ -85.25, 10.95000004 ], [ -85.25000004, 10.93333335 ], [ -85.24999999, 10.91666664 ], [ -85.24999996, 10.9 ], [ -85.25000004, 10.88333334 ], [ -85.25000003, 10.86666667 ], [ -85.25000004, 10.84999998 ], [ -85.24999998, 10.83333337 ], [ -85.27499997, 10.83333332 ], [ -85.30000002, 10.83333333 ], [ -85.32500002, 10.83333329 ], [ -85.34999996, 10.83333331 ], [ -85.37500004, 10.83333337 ], [ -85.39999996, 10.8333333 ], [ -85.42499998, 10.83333329 ], [ -85.45000004, 10.83333332 ], [ -85.47500002, 10.83333332 ], [ -85.50000001, 10.83333336 ], [ -85.50000004, 10.84999997 ], [ -85.5, 10.86666665 ], [ -85.49999999, 10.88333332 ], [ -85.50000003, 10.89999997 ], [ -85.50000001, 10.91666669 ], [ -85.50000003, 10.9333333 ], [ -85.49999998, 10.95 ], [ -85.49999997, 10.96666667 ], [ -85.5, 10.98333332 ], [ -85.49999997, 10.99999996 ], [ -85.47500001, 10.99999997 ] ] ] ] } },
{ "type": "Feature", "properties": { "objectid": 127.0, "id": 127.0, "nombre": "Murciélago", "hoja_50": "MURCIELAGO", "codigo_50": "3048-I" }, "geometry": { "type": "MultiPolygon", "coordinates": [ [ [ [ -85.49999997, 10.99999996 ], [ -85.50000001, 10.83333336 ], [ -85.75000002, 10.83333331 ], [ -85.75000073, 10.99999843 ], [ -85.75000073, 10.99999998 ], [ -85.74999999, 10.99999998 ], [ -85.49999997, 10.99999996 ] ] ] ] } },
{ "type": "Feature", "properties": { "objectid": 128.0, "id": 128.0, "nombre": "Santa Elena", "hoja_50": "SANTA ELENA", "codigo_50": "3048-IV" }, "geometry": { "type": "MultiPolygon", "coordinates": [ [ [ [ -85.77499997, 11.00000001 ], [ -85.75000073, 10.99999998 ], [ -85.75000073, 10.99999843 ], [ -85.74999998, 10.95000001 ], [ -85.75000003, 10.93333335 ], [ -85.75000004, 10.91666667 ], [ -85.75000002, 10.89999997 ], [ -85.74999996, 10.88333336 ], [ -85.75000005, 10.86666664 ], [ -85.75000001, 10.84999998 ], [ -85.75000002, 10.83333331 ], [ -85.75, 10.81666662 ], [ -85.75000004, 10.80000002 ], [ -85.77500002, 10.80000002 ], [ -85.79999996, 10.79999999 ], [ -85.80000004, 10.81666663 ], [ -85.82500003, 10.8166667 ], [ -85.825, 10.83332108 ], [ -86.0, 10.83333333 ], [ -85.99984206, 10.84989828 ], [ -85.99985597, 10.86656537 ], [ -85.99986977, 10.88323182 ], [ -85.99988373, 10.89989743 ], [ -85.99989769, 10.91656448 ], [ -85.99991163, 10.93323152 ], [ -85.99992556, 10.94989717 ], [ -86.0, 11.0 ], [ -85.77499997, 11.00000001 ] ] ] ] } },
{ "type": "Feature", "properties": { "objectid": 129.0, "id": 129.0, "nombre": "Los Chiles", "hoja_50": "LOS CHILES", "codigo_50": "3249-II" }, "geometry": { "type": "MultiPolygon", "coordinates": [ [ [ [ -84.75000316, 11.16680321 ], [ -84.72500317, 11.16680413 ], [ -84.70000292, 11.16680503 ], [ -84.67500267, 11.16680583 ], [ -84.65000268, 11.16680663 ], [ -84.62500278, 11.16680742 ], [ -84.60000283, 11.16680821 ], [ -84.57500256, 11.16680898 ], [ -84.55000231, 11.16680965 ], [ -84.52500201, 11.16681032 ], [ -84.5, 11.16666667 ], [ -84.5, 11.01666662 ], [ -84.49999999, 10.99999996 ], [ -84.525, 11.00000003 ], [ -84.55000002, 11.00000002 ], [ -84.57500004, 11.00000004 ], [ -84.60000003, 10.99999999 ], [ -84.62500003, 10.99999996 ], [ -84.64999999, 10.99999995 ], [ -84.67500003, 10.99999997 ], [ -84.70000003, 11.00000001 ], [ -84.725, 10.99999999 ], [ -84.75000004, 10.99999998 ], [ -84.77500002, 11.0 ], [ -84.79999996, 11.00000004 ], [ -84.82500003, 11.0 ], [ -84.82783333, 11.166825 ], [ -84.82500364, 11.16680032 ], [ -84.80000333, 11.16680136 ], [ -84.77500307, 11.16680229 ], [ -84.75000316, 11.16680321 ] ] ] ] } },
{ "type": "Feature", "properties": { "objectid": 130.0, "id": 130.0, "nombre": "Cairo", "hoja_50": "CAIRO", "codigo_50": "3149-II" }, "geometry": { "type": "MultiPolygon", "coordinates": [ [ [ [ -85.0, 11.16666667 ], [ -85.00000002, 10.99999996 ], [ -85.02499998, 11.00000001 ], [ -85.05000004, 11.0 ], [ -85.07500001, 11.0 ], [ -85.09999996, 11.00000003 ], [ -85.12499999, 10.99999999 ], [ -85.15, 10.99999997 ], [ -85.175, 10.99999997 ], [ -85.19999996, 11.0 ], [ -85.225, 11.00000004 ], [ -85.24999999, 11.00000001 ], [ -85.25000001, 11.01666663 ], [ -85.25000005, 11.03333333 ], [ -85.25, 11.05000002 ], [ -85.24999997, 11.06666667 ], [ -85.24999996, 11.08333332 ], [ -85.25, 11.16666667 ], [ -85.0, 11.16666667 ] ] ] ] } },
{ "type": "Feature", "properties": { "objectid": 131.0, "id": 131.0, "nombre": "Orosi", "hoja_50": "OROSI", "codigo_50": "3149-III" }, "geometry": { "type": "MultiPolygon", "coordinates": [ [ [ [ -85.25, 11.16666667 ], [ -85.24999996, 11.08333332 ], [ -85.24999997, 11.06666667 ], [ -85.25, 11.05000002 ], [ -85.25000005, 11.03333333 ], [ -85.25000001, 11.01666663 ], [ -85.24999999, 11.00000001 ], [ -85.27500004, 11.00000001 ], [ -85.30000003, 11.00000002 ], [ -85.32499999, 10.99999997 ], [ -85.34999999, 11.00000002 ], [ -85.37500002, 11.0 ], [ -85.39999998, 11.00000001 ], [ -85.42499997, 11.00000004 ], [ -85.44999998, 11.0 ], [ -85.47500001, 10.99999997 ], [ -85.49999997, 10.99999996 ], [ -85.49999997, 11.01666668 ], [ -85.50000001, 11.03333337 ], [ -85.49999999, 11.04999996 ], [ -85.5, 11.06666662 ], [ -85.49999997, 11.08333336 ], [ -85.49999997, 11.09999998 ], [ -85.5, 11.11666668 ], [ -85.49999996, 11.13333337 ], [ -85.49999997, 11.15000003 ], [ -85.50000002, 11.16666668 ], [ -85.47499998, 11.16666664 ], [ -85.25, 11.16666667 ] ] ] ] } },
{ "type": "Feature", "properties": { "objectid": 132.0, "id": 132.0, "nombre": "Bahía de Salinas", "hoja_50": "BAHIA DE SALINAS", "codigo_50": "3049-II" }, "geometry": { "type": "MultiPolygon", "coordinates": [ [ [ [ -85.50000002, 11.16666668 ], [ -85.49999997, 10.99999996 ], [ -85.74999999, 10.99999998 ], [ -85.75000073, 10.99999998 ], [ -85.77499997, 11.00000001 ], [ -85.77500001, 11.01666666 ], [ -85.77498874, 11.03298678 ], [ -85.75000004, 11.03333333 ], [ -85.75, 11.16666667 ], [ -85.50000002, 11.16666668 ] ] ] ] } },
{ "type": "Feature", "properties": { "objectid": 133.0, "id": 133.0, "nombre": "Peñas Blancas", "hoja_50": "PEÑAS BLANCAS", "codigo_50": "3049-I" }, "geometry": { "type": "MultiPolygon", "coordinates": [ [ [ [ -85.5, 11.33333333 ], [ -85.5, 11.18333331 ], [ -85.50000002, 11.16666668 ], [ -85.75, 11.16666667 ], [ -85.75123977, 11.33197645 ], [ -85.5, 11.33333333 ] ] ] ] } }
]
}
